uid	title	types	names	authors	source_title	year	month	volume	issue	page_range	page_begin	page_end	page_count	citation_count	citations_db	doi	issn	isbn	eisbn	link_record	link_citing	link_references	link_related
WOS:001429163300076	Collaborative Content Caching in IIoT: A Multi-Agent Reinforcement Learning-Based Approach	['Meeting']	authors=[AuthorName(display_name='Kang, Bingtao', wos_standard='Kang, BT', researcher_id=None), AuthorName(display_name='Peng, Kai', wos_standard='Peng, K', researcher_id=None), AuthorName(display_name='Chen, Yining', wos_standard='Chen, YN', researcher_id=None)] inventors=None book_corp=[OtherName(display_name='IEEE COMPUTER SOC')] book_editors=None books=None additional_authors=None anonymous=None assignees=None corp=None editors=None investigators=None sponsors=None issuing_organizations=None	[{'display_name': 'Kang, Bingtao', 'wos_standard': 'Kang, BT', 'researcher_id': None}, {'display_name': 'Peng, Kai', 'wos_standard': 'Peng, K', 'researcher_id': None}, {'display_name': 'Chen, Yining', 'wos_standard': 'Chen, YN', 'researcher_id': None}]	2024 IEEE INTERNATIONAL CONFERENCE ON SMART INTERNET OF THINGS, SMARTIOT 2024	2024				508-515	508	515	8	0	WOS	10.1109/SmartIoT62235.2024.00084	2770-2669	979-8-3503-6645-7	979-8-3503-6644-0	https://www.webofscience.com/api/gateway?GWVersion=2&SrcApp=rongxin-test&SrcAuth=WosAPI&KeyUT=WOS:001429163300076&DestLinkType=FullRecord&DestApp=WOS_CPL		https://www.webofscience.com/api/gateway?GWVersion=2&SrcApp=rongxin-test&SrcAuth=WosAPI&KeyUT=WOS:001429163300076&DestLinkType=CitedReferences&DestApp=WOS	https://www.webofscience.com/api/gateway?GWVersion=2&SrcApp=rongxin-test&SrcAuth=WosAPI&KeyUT=WOS:001429163300076&DestLinkType=RelatedRecords&DestApp=WOS_CPL
WOS:001429163300022	Real-Scene 3D Urban Elements Modeling for Digital Twin City Construction	['Meeting']	authors=[AuthorName(display_name='Li, Yuejin', wos_standard='Li, YJ', researcher_id=None), AuthorName(display_name='Yang, Jian', wos_standard='Yang, J', researcher_id=None), AuthorName(display_name='Li, Yuan', wos_standard='Li, Y', researcher_id=None), AuthorName(display_name='Li, Xitong', wos_standard='Li, XT', researcher_id=None), AuthorName(display_name='Qin, Zicheng', wos_standard='Qin, ZC', researcher_id=None), AuthorName(display_name='Guan, Yu', wos_standard='Guan, Y', researcher_id=None)] inventors=None book_corp=[OtherName(display_name='IEEE COMPUTER SOC')] book_editors=None books=None additional_authors=None anonymous=None assignees=None corp=None editors=None investigators=None sponsors=None issuing_organizations=None	[{'display_name': 'Li, Yuejin', 'wos_standard': 'Li, YJ', 'researcher_id': None}, {'display_name': 'Yang, Jian', 'wos_standard': 'Yang, J', 'researcher_id': None}, {'display_name': 'Li, Yuan', 'wos_standard': 'Li, Y', 'researcher_id': None}, {'display_name': 'Li, Xitong', 'wos_standard': 'Li, XT', 'researcher_id': None}, {'display_name': 'Qin, Zicheng', 'wos_standard': 'Qin, ZC', 'researcher_id': None}, {'display_name': 'Guan, Yu', 'wos_standard': 'Guan, Y', 'researcher_id': None}]	2024 IEEE INTERNATIONAL CONFERENCE ON SMART INTERNET OF THINGS, SMARTIOT 2024	2024				151-158	151	158	8	0	WOS	10.1109/SmartIoT62235.2024.00031	2770-2669	979-8-3503-6645-7	979-8-3503-6644-0	https://www.webofscience.com/api/gateway?GWVersion=2&SrcApp=rongxin-test&SrcAuth=WosAPI&KeyUT=WOS:001429163300022&DestLinkType=FullRecord&DestApp=WOS_CPL		https://www.webofscience.com/api/gateway?GWVersion=2&SrcApp=rongxin-test&SrcAuth=WosAPI&KeyUT=WOS:001429163300022&DestLinkType=CitedReferences&DestApp=WOS	https://www.webofscience.com/api/gateway?GWVersion=2&SrcApp=rongxin-test&SrcAuth=WosAPI&KeyUT=WOS:001429163300022&DestLinkType=RelatedRecords&DestApp=WOS_CPL
WOS:001424958800103	Angle-Aware Full 3D Coverage Control with ADMM-based Dynamic Assignment of Charging Stations	['Meeting']	authors=[AuthorName(display_name='Lu, Zhiyuan', wos_standard='Lu, ZY', researcher_id=None), AuthorName(display_name='Hanif, Muhammad', wos_standard='Hanif, M', researcher_id=None), AuthorName(display_name='Hatanaka, Takeshi', wos_standard='Hatanaka, T', researcher_id=None)] inventors=None book_corp=[OtherName(display_name='IEEE')] book_editors=None books=None additional_authors=None anonymous=None assignees=None corp=None editors=None investigators=None sponsors=None issuing_organizations=None	[{'display_name': 'Lu, Zhiyuan', 'wos_standard': 'Lu, ZY', 'researcher_id': None}, {'display_name': 'Hanif, Muhammad', 'wos_standard': 'Hanif, M', 'researcher_id': None}, {'display_name': 'Hatanaka, Takeshi', 'wos_standard': 'Hatanaka, T', 'researcher_id': None}]	2024 SICE FESTIVAL WITH ANNUAL CONFERENCE, SICE FES 2024	2024				1119-1124	1119	1124	6	0	WOS			979-8-3315-4446-1	978-4-9077-6483-8	https://www.webofscience.com/api/gateway?GWVersion=2&SrcApp=rongxin-test&SrcAuth=WosAPI&KeyUT=WOS:001424958800103&DestLinkType=FullRecord&DestApp=WOS_CPL		https://www.webofscience.com/api/gateway?GWVersion=2&SrcApp=rongxin-test&SrcAuth=WosAPI&KeyUT=WOS:001424958800103&DestLinkType=CitedReferences&DestApp=WOS	https://www.webofscience.com/api/gateway?GWVersion=2&SrcApp=rongxin-test&SrcAuth=WosAPI&KeyUT=WOS:001424958800103&DestLinkType=RelatedRecords&DestApp=WOS_CPL
WOS:001428150100468	Low-Intensity Pulsed Ultrasound Improved the obesity-Associated Cardiac Dysfunction in Mice	['Meeting']	authors=[AuthorName(display_name='He, Min', wos_standard='He, M', researcher_id=None), AuthorName(display_name='Dong, Jingsong', wos_standard='Dong, JS', researcher_id=None), AuthorName(display_name='Ta, Dean', wos_standard='Ta, D', researcher_id=None)] inventors=None book_corp=[OtherName(display_name='IEEE')] book_editors=None books=None additional_authors=None anonymous=None assignees=None corp=None editors=None investigators=None sponsors=None issuing_organizations=None	[{'display_name': 'He, Min', 'wos_standard': 'He, M', 'researcher_id': None}, {'display_name': 'Dong, Jingsong', 'wos_standard': 'Dong, JS', 'researcher_id': None}, {'display_name': 'Ta, Dean', 'wos_standard': 'Ta, D', 'researcher_id': None}]	2024 IEEE ULTRASONICS, FERROELECTRICS, AND FREQUENCY CONTROL JOINT SYMPOSIUM, UFFC-JS 2024	2024							3	0	WOS	10.1109/UFFC-JS60046.2024.10794007	1099-4734	979-8-3503-7191-8	979-8-3503-7190-1	https://www.webofscience.com/api/gateway?GWVersion=2&SrcApp=rongxin-test&SrcAuth=WosAPI&KeyUT=WOS:001428150100468&DestLinkType=FullRecord&DestApp=WOS_CPL		https://www.webofscience.com/api/gateway?GWVersion=2&SrcApp=rongxin-test&SrcAuth=WosAPI&KeyUT=WOS:001428150100468&DestLinkType=CitedReferences&DestApp=WOS	https://www.webofscience.com/api/gateway?GWVersion=2&SrcApp=rongxin-test&SrcAuth=WosAPI&KeyUT=WOS:001428150100468&DestLinkType=RelatedRecords&DestApp=WOS_CPL
WOS:001436568400001	On the Behaviors of Fuzzy Knowledge Graphs	['Meeting']	authors=[AuthorName(display_name='Ye, Yu', wos_standard='Ye, Y', researcher_id=None)] inventors=None book_corp=None book_editors=[OtherName(display_name='Yu, H'), OtherName(display_name='Cai, C'), OtherName(display_name='Huang, L'), OtherName(display_name='Jing, W'), OtherName(display_name='Chen, X'), OtherName(display_name='Song, X'), OtherName(display_name='Lu, Z')] books=None additional_authors=None anonymous=None assignees=None corp=None editors=None investigators=None sponsors=None issuing_organizations=None	[{'display_name': 'Ye, Yu', 'wos_standard': 'Ye, Y', 'researcher_id': None}]	COMPUTER APPLICATIONS, CCF NCCA 2024, PT I	2024		2274		3-21	3	21	19	0	WOS	10.1007/978-981-97-9671-7_1	1865-0929	978-981-97-9670-0	978-981-97-9671-7	https://www.webofscience.com/api/gateway?GWVersion=2&SrcApp=rongxin-test&SrcAuth=WosAPI&KeyUT=WOS:001436568400001&DestLinkType=FullRecord&DestApp=WOS_CPL		https://www.webofscience.com/api/gateway?GWVersion=2&SrcApp=rongxin-test&SrcAuth=WosAPI&KeyUT=WOS:001436568400001&DestLinkType=CitedReferences&DestApp=WOS	https://www.webofscience.com/api/gateway?GWVersion=2&SrcApp=rongxin-test&SrcAuth=WosAPI&KeyUT=WOS:001436568400001&DestLinkType=RelatedRecords&DestApp=WOS_CPL
WOS:001428150100169	Study on Attenuation Tomography Using Low-frequency Ultrasound Differential Imaging with Variational Autoencoder for Human Thorax	['Meeting']	authors=[AuthorName(display_name='Zhang, Tong', wos_standard='Zhang, T', researcher_id=None), AuthorName(display_name='Shi, Haokang', wos_standard='Shi, HK', researcher_id=None), AuthorName(display_name='Guo, Rui', wos_standard='Guo, R', researcher_id=None), AuthorName(display_name='Li, Maokun', wos_standard='Li, MK', researcher_id=None), AuthorName(display_name='Yang, Fan', wos_standard='Yang, F', researcher_id=None), AuthorName(display_name='Xu, Shenheng', wos_standard='Xu, SH', researcher_id=None)] inventors=None book_corp=[OtherName(display_name='IEEE')] book_editors=None books=None additional_authors=None anonymous=None assignees=None corp=None editors=None investigators=None sponsors=None issuing_organizations=None	[{'display_name': 'Zhang, Tong', 'wos_standard': 'Zhang, T', 'researcher_id': None}, {'display_name': 'Shi, Haokang', 'wos_standard': 'Shi, HK', 'researcher_id': None}, {'display_name': 'Guo, Rui', 'wos_standard': 'Guo, R', 'researcher_id': None}, {'display_name': 'Li, Maokun', 'wos_standard': 'Li, MK', 'researcher_id': None}, {'display_name': 'Yang, Fan', 'wos_standard': 'Yang, F', 'researcher_id': None}, {'display_name': 'Xu, Shenheng', 'wos_standard': 'Xu, SH', 'researcher_id': None}]	2024 IEEE ULTRASONICS, FERROELECTRICS, AND FREQUENCY CONTROL JOINT SYMPOSIUM, UFFC-JS 2024	2024							4	0	WOS	10.1109/UFFC-JS60046.2024.10793704	1099-4734	979-8-3503-7191-8	979-8-3503-7190-1	https://www.webofscience.com/api/gateway?GWVersion=2&SrcApp=rongxin-test&SrcAuth=WosAPI&KeyUT=WOS:001428150100169&DestLinkType=FullRecord&DestApp=WOS_CPL		https://www.webofscience.com/api/gateway?GWVersion=2&SrcApp=rongxin-test&SrcAuth=WosAPI&KeyUT=WOS:001428150100169&DestLinkType=CitedReferences&DestApp=WOS	https://www.webofscience.com/api/gateway?GWVersion=2&SrcApp=rongxin-test&SrcAuth=WosAPI&KeyUT=WOS:001428150100169&DestLinkType=RelatedRecords&DestApp=WOS_CPL
WOS:001428150100022	Wideband Air-coupled Piezoelectric MEMS Ultrasonic Transceiver	['Meeting']	authors=[AuthorName(display_name='Nabavi, Seyedfakhreddin', wos_standard='Nabavi, S', researcher_id=None), AuthorName(display_name='Gratuze, Mathieu', wos_standard='Gratuze, M', researcher_id=None), AuthorName(display_name='Nabki, Frederic', wos_standard='Nabki, F', researcher_id=None)] inventors=None book_corp=[OtherName(display_name='IEEE')] book_editors=None books=None additional_authors=None anonymous=None assignees=None corp=None editors=None investigators=None sponsors=None issuing_organizations=None	[{'display_name': 'Nabavi, Seyedfakhreddin', 'wos_standard': 'Nabavi, S', 'researcher_id': None}, {'display_name': 'Gratuze, Mathieu', 'wos_standard': 'Gratuze, M', 'researcher_id': None}, {'display_name': 'Nabki, Frederic', 'wos_standard': 'Nabki, F', 'researcher_id': None}]	2024 IEEE ULTRASONICS, FERROELECTRICS, AND FREQUENCY CONTROL JOINT SYMPOSIUM, UFFC-JS 2024	2024							3	0	WOS	10.1109/UFFC-JS60046.2024.10793501	1099-4734	979-8-3503-7191-8	979-8-3503-7190-1	https://www.webofscience.com/api/gateway?GWVersion=2&SrcApp=rongxin-test&SrcAuth=WosAPI&KeyUT=WOS:001428150100022&DestLinkType=FullRecord&DestApp=WOS_CPL		https://www.webofscience.com/api/gateway?GWVersion=2&SrcApp=rongxin-test&SrcAuth=WosAPI&KeyUT=WOS:001428150100022&DestLinkType=CitedReferences&DestApp=WOS	https://www.webofscience.com/api/gateway?GWVersion=2&SrcApp=rongxin-test&SrcAuth=WosAPI&KeyUT=WOS:001428150100022&DestLinkType=RelatedRecords&DestApp=WOS_CPL
WOS:001432930500174	A Study of Structured Pruning for Hybrid Neural Networks	['Meeting']	authors=[AuthorName(display_name='Ghimire, Deepak', wos_standard='Ghimire, D', researcher_id=None), AuthorName(display_name='Kil, Dayoung', wos_standard='Kil, D', researcher_id=None), AuthorName(display_name='Kim, Seong-heum', wos_standard='Kim, SH', researcher_id=None)] inventors=None book_corp=[OtherName(display_name='IEEE')] book_editors=None books=None additional_authors=None anonymous=None assignees=None corp=None editors=None investigators=None sponsors=None issuing_organizations=None	[{'display_name': 'Ghimire, Deepak', 'wos_standard': 'Ghimire, D', 'researcher_id': None}, {'display_name': 'Kil, Dayoung', 'wos_standard': 'Kil, D', 'researcher_id': None}, {'display_name': 'Kim, Seong-heum', 'wos_standard': 'Kim, SH', 'researcher_id': None}]	2024 24TH INTERNATIONAL CONFERENCE ON CONTROL, AUTOMATION AND SYSTEMS, ICCAS 2024	2024				1110-1113	1110	1113	4	0	WOS		2093-7121	979-8-3315-1793-9	978-89-93215-38-0	https://www.webofscience.com/api/gateway?GWVersion=2&SrcApp=rongxin-test&SrcAuth=WosAPI&KeyUT=WOS:001432930500174&DestLinkType=FullRecord&DestApp=WOS_CPL		https://www.webofscience.com/api/gateway?GWVersion=2&SrcApp=rongxin-test&SrcAuth=WosAPI&KeyUT=WOS:001432930500174&DestLinkType=CitedReferences&DestApp=WOS	https://www.webofscience.com/api/gateway?GWVersion=2&SrcApp=rongxin-test&SrcAuth=WosAPI&KeyUT=WOS:001432930500174&DestLinkType=RelatedRecords&DestApp=WOS_CPL
WOS:001423279900102	A DRL Planning Framework for Resilience of FEMA Lifelines in Distribution Systems	['Meeting']	authors=[AuthorName(display_name='Zhang, Zhenghan', wos_standard='Zhang, ZH', researcher_id=None), AuthorName(display_name='Pico, Hugo N. Villegas', wos_standard='Pico, HNV', researcher_id=None), AuthorName(display_name='Kimber, Anne', wos_standard='Kimber, A', researcher_id=None)] inventors=None book_corp=[OtherName(display_name='IEEE')] book_editors=None books=None additional_authors=None anonymous=None assignees=None corp=None editors=None investigators=None sponsors=None issuing_organizations=None	[{'display_name': 'Zhang, Zhenghan', 'wos_standard': 'Zhang, ZH', 'researcher_id': None}, {'display_name': 'Pico, Hugo N. Villegas', 'wos_standard': 'Pico, HNV', 'researcher_id': None}, {'display_name': 'Kimber, Anne', 'wos_standard': 'Kimber, A', 'researcher_id': None}]	2024 56TH NORTH AMERICAN POWER SYMPOSIUM, NAPS 2024	2024							6	0	WOS	10.1109/NAPS61145.2024.10741793	2163-4939	979-8-3315-2104-2	979-8-3315-2103-5	https://www.webofscience.com/api/gateway?GWVersion=2&SrcApp=rongxin-test&SrcAuth=WosAPI&KeyUT=WOS:001423279900102&DestLinkType=FullRecord&DestApp=WOS_CPL		https://www.webofscience.com/api/gateway?GWVersion=2&SrcApp=rongxin-test&SrcAuth=WosAPI&KeyUT=WOS:001423279900102&DestLinkType=CitedReferences&DestApp=WOS	https://www.webofscience.com/api/gateway?GWVersion=2&SrcApp=rongxin-test&SrcAuth=WosAPI&KeyUT=WOS:001423279900102&DestLinkType=RelatedRecords&DestApp=WOS_CPL
WOS:001429153800070	Bangla SBERT - Sentence Embedding Using Multilingual Knowledge Distillation	['Meeting']	authors=[AuthorName(display_name='Uddin, Md. Shihab', wos_standard='Uddin, MS', researcher_id=None), AuthorName(display_name='Haque, Mohd Ariful', wos_standard='Haque, MA', researcher_id=None), AuthorName(display_name='Rifat, Rakib Hossain', wos_standard='Rifat, RH', researcher_id=None), AuthorName(display_name='Kamal, Marufa', wos_standard='Kamal, M', researcher_id=None), AuthorName(display_name='Gupta, Kishor Datta', wos_standard='Gupta, KD', researcher_id=None), AuthorName(display_name='George, Roy', wos_standard='George, R', researcher_id=None)] inventors=None book_corp=None book_editors=[OtherName(display_name='Paul, R'), OtherName(display_name='Kundu, A')] books=None additional_authors=None anonymous=None assignees=None corp=None editors=None investigators=None sponsors=None issuing_organizations=None	[{'display_name': 'Uddin, Md. Shihab', 'wos_standard': 'Uddin, MS', 'researcher_id': None}, {'display_name': 'Haque, Mohd Ariful', 'wos_standard': 'Haque, MA', 'researcher_id': None}, {'display_name': 'Rifat, Rakib Hossain', 'wos_standard': 'Rifat, RH', 'researcher_id': None}, {'display_name': 'Kamal, Marufa', 'wos_standard': 'Kamal, M', 'researcher_id': None}, {'display_name': 'Gupta, Kishor Datta', 'wos_standard': 'Gupta, KD', 'researcher_id': None}, {'display_name': 'George, Roy', 'wos_standard': 'George, R', 'researcher_id': None}]	2024 IEEE 15TH ANNUAL UBIQUITOUS COMPUTING, ELECTRONICS & MOBILE COMMUNICATION CONFERENCE, UEMCON	2024				495-500	495	500	6	0	WOS	10.1109/UEMCON62879.2024.10754765		979-8-3315-4091-3	979-8-3315-4090-6	https://www.webofscience.com/api/gateway?GWVersion=2&SrcApp=rongxin-test&SrcAuth=WosAPI&KeyUT=WOS:001429153800070&DestLinkType=FullRecord&DestApp=WOS_CPL		https://www.webofscience.com/api/gateway?GWVersion=2&SrcApp=rongxin-test&SrcAuth=WosAPI&KeyUT=WOS:001429153800070&DestLinkType=CitedReferences&DestApp=WOS	https://www.webofscience.com/api/gateway?GWVersion=2&SrcApp=rongxin-test&SrcAuth=WosAPI&KeyUT=WOS:001429153800070&DestLinkType=RelatedRecords&DestApp=WOS_CPL
WOS:001431710700089	PERCEPTUAL SKIN TONE COLOR DIFFERENCE MEASUREMENT FOR PORTRAIT PHOTOGRAPHY	['Meeting']	authors=[AuthorName(display_name='Gao, Shiqi', wos_standard='Gao, SQ', researcher_id=None), AuthorName(display_name='Duan, Huiyu', wos_standard='Duan, HY', researcher_id=None), AuthorName(display_name='Xu, Qihang', wos_standard='Xu, QH', researcher_id=None), AuthorName(display_name='Wang, Jia', wos_standard='Wang, J', researcher_id=None), AuthorName(display_name='Min, Xiongkuo', wos_standard='Min, XK', researcher_id=None), AuthorName(display_name='Zhai, Guangtao', wos_standard='Zhai, GT', researcher_id=None), AuthorName(display_name='Le Callet, Patrick', wos_standard='Le Callet, P', researcher_id=None)] inventors=None book_corp=[OtherName(display_name='IEEE')] book_editors=None books=None additional_authors=None anonymous=None assignees=None corp=None editors=None investigators=None sponsors=None issuing_organizations=None	[{'display_name': 'Gao, Shiqi', 'wos_standard': 'Gao, SQ', 'researcher_id': None}, {'display_name': 'Duan, Huiyu', 'wos_standard': 'Duan, HY', 'researcher_id': None}, {'display_name': 'Xu, Qihang', 'wos_standard': 'Xu, QH', 'researcher_id': None}, {'display_name': 'Wang, Jia', 'wos_standard': 'Wang, J', 'researcher_id': None}, {'display_name': 'Min, Xiongkuo', 'wos_standard': 'Min, XK', 'researcher_id': None}, {'display_name': 'Zhai, Guangtao', 'wos_standard': 'Zhai, GT', 'researcher_id': None}, {'display_name': 'Le Callet, Patrick', 'wos_standard': 'Le Callet, P', 'researcher_id': None}]	2024 IEEE INTERNATIONAL CONFERENCE ON VISUAL COMMUNICATIONS AND IMAGE PROCESSING, VCIP	2024							6	0	WOS	10.1109/VCIP63160.2024.10849890	2642-9357	979-8-3315-2955-0	979-8-3315-2954-3	https://www.webofscience.com/api/gateway?GWVersion=2&SrcApp=rongxin-test&SrcAuth=WosAPI&KeyUT=WOS:001431710700089&DestLinkType=FullRecord&DestApp=WOS_CPL		https://www.webofscience.com/api/gateway?GWVersion=2&SrcApp=rongxin-test&SrcAuth=WosAPI&KeyUT=WOS:001431710700089&DestLinkType=CitedReferences&DestApp=WOS	https://www.webofscience.com/api/gateway?GWVersion=2&SrcApp=rongxin-test&SrcAuth=WosAPI&KeyUT=WOS:001431710700089&DestLinkType=RelatedRecords&DestApp=WOS_CPL
WOS:001444006900049	Comparison of CNN Model with Different Machine Learning Models for Fake News Detection	['Meeting']	authors=[AuthorName(display_name='Benaouda, Walid', wos_standard='Benaouda, W', researcher_id=None), AuthorName(display_name='Ouamour, Siham', wos_standard='Ouamour, S', researcher_id=None), AuthorName(display_name='Sayoud, Halim', wos_standard='Sayoud, H', researcher_id=None)] inventors=None book_corp=[OtherName(display_name='IEEE')] book_editors=None books=None additional_authors=None anonymous=None assignees=None corp=None editors=None investigators=None sponsors=None issuing_organizations=None	[{'display_name': 'Benaouda, Walid', 'wos_standard': 'Benaouda, W', 'researcher_id': None}, {'display_name': 'Ouamour, Siham', 'wos_standard': 'Ouamour, S', 'researcher_id': None}, {'display_name': 'Sayoud, Halim', 'wos_standard': 'Sayoud, H', 'researcher_id': None}]	2024 1ST INTERNATIONAL CONFERENCE ON ELECTRICAL, COMPUTER, TELECOMMUNICATION AND ENERGY TECHNOLOGIES, ECTE-TECH	2024							5	0	WOS	10.1109/ECTE-TECH62477.2024.10851137		979-8-3503-8849-7	979-8-3503-8848-0	https://www.webofscience.com/api/gateway?GWVersion=2&SrcApp=rongxin-test&SrcAuth=WosAPI&KeyUT=WOS:001444006900049&DestLinkType=FullRecord&DestApp=WOS_CPL		https://www.webofscience.com/api/gateway?GWVersion=2&SrcApp=rongxin-test&SrcAuth=WosAPI&KeyUT=WOS:001444006900049&DestLinkType=CitedReferences&DestApp=WOS	https://www.webofscience.com/api/gateway?GWVersion=2&SrcApp=rongxin-test&SrcAuth=WosAPI&KeyUT=WOS:001444006900049&DestLinkType=RelatedRecords&DestApp=WOS_CPL
WOS:001453642700007	Automation of Footages Sorting by Screenplay Text for Video Editing	['Article']	authors=[AuthorName(display_name='Nemanov, A. D.', wos_standard='Nemanov, AD', researcher_id=None), AuthorName(display_name='Shakhova, I. S.', wos_standard='Shakhova, IS', researcher_id=None)] inventors=None book_corp=None book_editors=None books=None additional_authors=None anonymous=None assignees=None corp=None editors=None investigators=None sponsors=None issuing_organizations=None	[{'display_name': 'Nemanov, A. D.', 'wos_standard': 'Nemanov, AD', 'researcher_id': None}, {'display_name': 'Shakhova, I. S.', 'wos_standard': 'Shakhova, IS', 'researcher_id': None}]	AUTOMATIC DOCUMENTATION AND MATHEMATICAL LINGUISTICS	2024	DEC	58	SUPPL4	S216-S226	S216	S226	11	0	WOS	10.3103/S0005105525700281	0005-1055			https://www.webofscience.com/api/gateway?GWVersion=2&SrcApp=rongxin-test&SrcAuth=WosAPI&KeyUT=WOS:001453642700007&DestLinkType=FullRecord&DestApp=WOS_CPL		https://www.webofscience.com/api/gateway?GWVersion=2&SrcApp=rongxin-test&SrcAuth=WosAPI&KeyUT=WOS:001453642700007&DestLinkType=CitedReferences&DestApp=WOS	https://www.webofscience.com/api/gateway?GWVersion=2&SrcApp=rongxin-test&SrcAuth=WosAPI&KeyUT=WOS:001453642700007&DestLinkType=RelatedRecords&DestApp=WOS_CPL
WOS:001415131700028	Spatial modeling for estimating land prices of new autonomous region candidates lembang city	['Meeting']	authors=[AuthorName(display_name='Wulandari, Ervika Putri', wos_standard='Wulandari, EP', researcher_id=None), AuthorName(display_name='Fahrezi, Agil Akbar', wos_standard='Fahrezi, AA', researcher_id=None), AuthorName(display_name='Fachri, Hana Taqiyyah', wos_standard='Fachri, HT', researcher_id=None), AuthorName(display_name='Arrafi, Muhammad', wos_standard='Arrafi, M', researcher_id=None), AuthorName(display_name='Arrasyid, Riko', wos_standard='Arrasyid, R', researcher_id=None)] inventors=None book_corp=None book_editors=[OtherName(display_name='Nandi'), OtherName(display_name='Ibrahim, MH'), OtherName(display_name='Greve, K')] books=None additional_authors=None anonymous=None assignees=None corp=None editors=None investigators=None sponsors=None issuing_organizations=None	[{'display_name': 'Wulandari, Ervika Putri', 'wos_standard': 'Wulandari, EP', 'researcher_id': None}, {'display_name': 'Fahrezi, Agil Akbar', 'wos_standard': 'Fahrezi, AA', 'researcher_id': None}, {'display_name': 'Fachri, Hana Taqiyyah', 'wos_standard': 'Fachri, HT', 'researcher_id': None}, {'display_name': 'Arrafi, Muhammad', 'wos_standard': 'Arrafi, M', 'researcher_id': None}, {'display_name': 'Arrasyid, Riko', 'wos_standard': 'Arrasyid, R', 'researcher_id': None}]	6TH INTERNATIONAL GEOGRAPHY SEMINAR, IGEOS 2023	2024		600					13	0	WOS	10.1051/e3sconf/202460003003	2267-1242	*****************		https://www.webofscience.com/api/gateway?GWVersion=2&SrcApp=rongxin-test&SrcAuth=WosAPI&KeyUT=WOS:001415131700028&DestLinkType=FullRecord&DestApp=WOS_CPL		https://www.webofscience.com/api/gateway?GWVersion=2&SrcApp=rongxin-test&SrcAuth=WosAPI&KeyUT=WOS:001415131700028&DestLinkType=CitedReferences&DestApp=WOS	https://www.webofscience.com/api/gateway?GWVersion=2&SrcApp=rongxin-test&SrcAuth=WosAPI&KeyUT=WOS:001415131700028&DestLinkType=RelatedRecords&DestApp=WOS_CPL
WOS:001428150100311	Enhancing Diverging-Wave Ultrasound Imaging with the Iterative Adaptive Approach	['Meeting']	authors=[AuthorName(display_name='Ziksari, Mahsa Sotoodeh', wos_standard='Ziksari, MS', researcher_id=None), AuthorName(display_name='Nasholm, Sven Peter', wos_standard='Näsholm, SP', researcher_id=None), AuthorName(display_name='Austeng, Andreas', wos_standard='Austeng, A', researcher_id=None), AuthorName(display_name='Jensen, Are Charles', wos_standard='Jensen, AC', researcher_id=None)] inventors=None book_corp=[OtherName(display_name='IEEE')] book_editors=None books=None additional_authors=None anonymous=None assignees=None corp=None editors=None investigators=None sponsors=None issuing_organizations=None	[{'display_name': 'Ziksari, Mahsa Sotoodeh', 'wos_standard': 'Ziksari, MS', 'researcher_id': None}, {'display_name': 'Nasholm, Sven Peter', 'wos_standard': 'Näsholm, SP', 'researcher_id': None}, {'display_name': 'Austeng, Andreas', 'wos_standard': 'Austeng, A', 'researcher_id': None}, {'display_name': 'Jensen, Are Charles', 'wos_standard': 'Jensen, AC', 'researcher_id': None}]	2024 IEEE ULTRASONICS, FERROELECTRICS, AND FREQUENCY CONTROL JOINT SYMPOSIUM, UFFC-JS 2024	2024							3	0	WOS	10.1109/UFFC-JS60046.2024.10793849	1099-4734	979-8-3503-7191-8	979-8-3503-7190-1	https://www.webofscience.com/api/gateway?GWVersion=2&SrcApp=rongxin-test&SrcAuth=WosAPI&KeyUT=WOS:001428150100311&DestLinkType=FullRecord&DestApp=WOS_CPL		https://www.webofscience.com/api/gateway?GWVersion=2&SrcApp=rongxin-test&SrcAuth=WosAPI&KeyUT=WOS:001428150100311&DestLinkType=CitedReferences&DestApp=WOS	https://www.webofscience.com/api/gateway?GWVersion=2&SrcApp=rongxin-test&SrcAuth=WosAPI&KeyUT=WOS:001428150100311&DestLinkType=RelatedRecords&DestApp=WOS_CPL
WOS:001429163300035	From Radar to Depth: Multi-Modality Co-Learning for High-Resolution Human Pose Estimation	['Meeting']	authors=[AuthorName(display_name='Fan, Junqiao', wos_standard='Fan, JQ', researcher_id=None), AuthorName(display_name='Rao, Haocong', wos_standard='Rao, HC', researcher_id=None), AuthorName(display_name='Wang, Xuehe', wos_standard='Wang, XH', researcher_id=None)] inventors=None book_corp=[OtherName(display_name='IEEE COMPUTER SOC')] book_editors=None books=None additional_authors=None anonymous=None assignees=None corp=None editors=None investigators=None sponsors=None issuing_organizations=None	[{'display_name': 'Fan, Junqiao', 'wos_standard': 'Fan, JQ', 'researcher_id': None}, {'display_name': 'Rao, Haocong', 'wos_standard': 'Rao, HC', 'researcher_id': None}, {'display_name': 'Wang, Xuehe', 'wos_standard': 'Wang, XH', 'researcher_id': None}]	2024 IEEE INTERNATIONAL CONFERENCE ON SMART INTERNET OF THINGS, SMARTIOT 2024	2024				248-253	248	253	6	0	WOS	10.1109/SmartIoT62235.2024.00044	2770-2669	979-8-3503-6645-7	979-8-3503-6644-0	https://www.webofscience.com/api/gateway?GWVersion=2&SrcApp=rongxin-test&SrcAuth=WosAPI&KeyUT=WOS:001429163300035&DestLinkType=FullRecord&DestApp=WOS_CPL		https://www.webofscience.com/api/gateway?GWVersion=2&SrcApp=rongxin-test&SrcAuth=WosAPI&KeyUT=WOS:001429163300035&DestLinkType=CitedReferences&DestApp=WOS	https://www.webofscience.com/api/gateway?GWVersion=2&SrcApp=rongxin-test&SrcAuth=WosAPI&KeyUT=WOS:001429163300035&DestLinkType=RelatedRecords&DestApp=WOS_CPL
WOS:001428150100299	Global Constraint for Temperature Compensation for Dynamic Time Warping of Guided Wave Ultrasound Signals	['Meeting']	authors=[AuthorName(display_name='Kumar, Narendra', wos_standard='Kumar, N', researcher_id=None), AuthorName(display_name='Gupta, Payal', wos_standard='Gupta, P', researcher_id=None), AuthorName(display_name='Carlson, Johan E.', wos_standard='Carlson, JE', researcher_id=None)] inventors=None book_corp=[OtherName(display_name='IEEE')] book_editors=None books=None additional_authors=None anonymous=None assignees=None corp=None editors=None investigators=None sponsors=None issuing_organizations=None	[{'display_name': 'Kumar, Narendra', 'wos_standard': 'Kumar, N', 'researcher_id': None}, {'display_name': 'Gupta, Payal', 'wos_standard': 'Gupta, P', 'researcher_id': None}, {'display_name': 'Carlson, Johan E.', 'wos_standard': 'Carlson, JE', 'researcher_id': None}]	2024 IEEE ULTRASONICS, FERROELECTRICS, AND FREQUENCY CONTROL JOINT SYMPOSIUM, UFFC-JS 2024	2024							5	0	WOS	10.1109/UFFC-JS60046.2024.10793837	1099-4734	979-8-3503-7191-8	979-8-3503-7190-1	https://www.webofscience.com/api/gateway?GWVersion=2&SrcApp=rongxin-test&SrcAuth=WosAPI&KeyUT=WOS:001428150100299&DestLinkType=FullRecord&DestApp=WOS_CPL		https://www.webofscience.com/api/gateway?GWVersion=2&SrcApp=rongxin-test&SrcAuth=WosAPI&KeyUT=WOS:001428150100299&DestLinkType=CitedReferences&DestApp=WOS	https://www.webofscience.com/api/gateway?GWVersion=2&SrcApp=rongxin-test&SrcAuth=WosAPI&KeyUT=WOS:001428150100299&DestLinkType=RelatedRecords&DestApp=WOS_CPL
WOS:001428150100483	Multiplying the Repetition Frequency of Optical Frequency Comb Signals Based on the Talbot Effect	['Meeting']	authors=[AuthorName(display_name='Xu, Bing', wos_standard='Xu, B', researcher_id=None), AuthorName(display_name='Chen, Xing', wos_standard='Chen, X', researcher_id=None), AuthorName(display_name='Wang, Xinxin', wos_standard='Wang, XX', researcher_id=None), AuthorName(display_name='Luo, Bin', wos_standard='Luo, B', researcher_id=None), AuthorName(display_name='Yu, Song', wos_standard='Yu, S', researcher_id=None)] inventors=None book_corp=[OtherName(display_name='IEEE')] book_editors=None books=None additional_authors=None anonymous=None assignees=None corp=None editors=None investigators=None sponsors=None issuing_organizations=None	[{'display_name': 'Xu, Bing', 'wos_standard': 'Xu, B', 'researcher_id': None}, {'display_name': 'Chen, Xing', 'wos_standard': 'Chen, X', 'researcher_id': None}, {'display_name': 'Wang, Xinxin', 'wos_standard': 'Wang, XX', 'researcher_id': None}, {'display_name': 'Luo, Bin', 'wos_standard': 'Luo, B', 'researcher_id': None}, {'display_name': 'Yu, Song', 'wos_standard': 'Yu, S', 'researcher_id': None}]	2024 IEEE ULTRASONICS, FERROELECTRICS, AND FREQUENCY CONTROL JOINT SYMPOSIUM, UFFC-JS 2024	2024							4	0	WOS	10.1109/UFFC-JS60046.2024.10794022	1099-4734	979-8-3503-7191-8	979-8-3503-7190-1	https://www.webofscience.com/api/gateway?GWVersion=2&SrcApp=rongxin-test&SrcAuth=WosAPI&KeyUT=WOS:001428150100483&DestLinkType=FullRecord&DestApp=WOS_CPL		https://www.webofscience.com/api/gateway?GWVersion=2&SrcApp=rongxin-test&SrcAuth=WosAPI&KeyUT=WOS:001428150100483&DestLinkType=CitedReferences&DestApp=WOS	https://www.webofscience.com/api/gateway?GWVersion=2&SrcApp=rongxin-test&SrcAuth=WosAPI&KeyUT=WOS:001428150100483&DestLinkType=RelatedRecords&DestApp=WOS_CPL
WOS:001429163300052	HIGH-CONFIGURABLE WEARABLE DEVICE PLATFORM FOR MOTOR DISABILITY EVALUATION	['Meeting']	authors=[AuthorName(display_name='Cai, Yize', wos_standard='Cai, YZ', researcher_id=None), AuthorName(display_name='Chen, Junxin', wos_standard='Chen, JX', researcher_id=None), AuthorName(display_name='Ye, Zhiheng', wos_standard='Ye, ZH', researcher_id=None), AuthorName(display_name='He, Tongyue', wos_standard='He, TY', researcher_id=None), AuthorName(display_name='Wang, Wei', wos_standard='Wang, W', researcher_id=None)] inventors=None book_corp=[OtherName(display_name='IEEE COMPUTER SOC')] book_editors=None books=None additional_authors=None anonymous=None assignees=None corp=None editors=None investigators=None sponsors=None issuing_organizations=None	[{'display_name': 'Cai, Yize', 'wos_standard': 'Cai, YZ', 'researcher_id': None}, {'display_name': 'Chen, Junxin', 'wos_standard': 'Chen, JX', 'researcher_id': None}, {'display_name': 'Ye, Zhiheng', 'wos_standard': 'Ye, ZH', 'researcher_id': None}, {'display_name': 'He, Tongyue', 'wos_standard': 'He, TY', 'researcher_id': None}, {'display_name': 'Wang, Wei', 'wos_standard': 'Wang, W', 'researcher_id': None}]	2024 IEEE INTERNATIONAL CONFERENCE ON SMART INTERNET OF THINGS, SMARTIOT 2024	2024				355-361	355	361	7	0	WOS	10.1109/SmartIoT62235.2024.00060	2770-2669	979-8-3503-6645-7	979-8-3503-6644-0	https://www.webofscience.com/api/gateway?GWVersion=2&SrcApp=rongxin-test&SrcAuth=WosAPI&KeyUT=WOS:001429163300052&DestLinkType=FullRecord&DestApp=WOS_CPL		https://www.webofscience.com/api/gateway?GWVersion=2&SrcApp=rongxin-test&SrcAuth=WosAPI&KeyUT=WOS:001429163300052&DestLinkType=CitedReferences&DestApp=WOS	https://www.webofscience.com/api/gateway?GWVersion=2&SrcApp=rongxin-test&SrcAuth=WosAPI&KeyUT=WOS:001429163300052&DestLinkType=RelatedRecords&DestApp=WOS_CPL
WOS:001438533400002	Examining the Relationship Between Student Online Learning Readiness and Their Satisfaction on Distance Learning	['Meeting']	authors=[AuthorName(display_name='Alblooshi, Mardeya', wos_standard='Alblooshi, M', researcher_id=None)] inventors=None book_corp=None book_editors=[OtherName(display_name='Moriera, F')] books=None additional_authors=None anonymous=None assignees=None corp=None editors=None investigators=None sponsors=None issuing_organizations=None	[{'display_name': 'Alblooshi, Mardeya', 'wos_standard': 'Alblooshi, M', 'researcher_id': None}]	PROCEEDINGS OF THE 23RD EUROPEAN CONFERENCE ON E-LEARNING, ECEL 2024	2024		23/1		9-16	9	16	8	0	WOS		2048-8637	978-1-917204-21-7	978-1-917204-22-4	https://www.webofscience.com/api/gateway?GWVersion=2&SrcApp=rongxin-test&SrcAuth=WosAPI&KeyUT=WOS:001438533400002&DestLinkType=FullRecord&DestApp=WOS_CPL		https://www.webofscience.com/api/gateway?GWVersion=2&SrcApp=rongxin-test&SrcAuth=WosAPI&KeyUT=WOS:001438533400002&DestLinkType=CitedReferences&DestApp=WOS	https://www.webofscience.com/api/gateway?GWVersion=2&SrcApp=rongxin-test&SrcAuth=WosAPI&KeyUT=WOS:001438533400002&DestLinkType=RelatedRecords&DestApp=WOS_CPL
WOS:001428150100564	"Compact 780 nm Rb Optical Frequency Standard on ""Optical Cubes"""	['Meeting']	authors=[AuthorName(display_name='Yang, Qiaohui', wos_standard='Yang, QH', researcher_id=None), AuthorName(display_name='Liu, Tianyu', wos_standard='Liu, TY', researcher_id=None), AuthorName(display_name='Lian, Jiqing', wos_standard='Lian, JQ', researcher_id=None), AuthorName(display_name='Zhu, Chuanwen', wos_standard='Zhu, CW', researcher_id=None), AuthorName(display_name='Miao, Jie', wos_standard='Miao, J', researcher_id=None), AuthorName(display_name='Chen, Zhendong', wos_standard='Chen, ZD', researcher_id=None), AuthorName(display_name='Chen, Jingmin', wos_standard='Chen, JM', researcher_id=None), AuthorName(display_name='Pan, Duo', wos_standard='Pan, D', researcher_id=None), AuthorName(display_name='Chen, Jingbiao', wos_standard='Chen, JB', researcher_id=None)] inventors=None book_corp=[OtherName(display_name='IEEE')] book_editors=None books=None additional_authors=None anonymous=None assignees=None corp=None editors=None investigators=None sponsors=None issuing_organizations=None	[{'display_name': 'Yang, Qiaohui', 'wos_standard': 'Yang, QH', 'researcher_id': None}, {'display_name': 'Liu, Tianyu', 'wos_standard': 'Liu, TY', 'researcher_id': None}, {'display_name': 'Lian, Jiqing', 'wos_standard': 'Lian, JQ', 'researcher_id': None}, {'display_name': 'Zhu, Chuanwen', 'wos_standard': 'Zhu, CW', 'researcher_id': None}, {'display_name': 'Miao, Jie', 'wos_standard': 'Miao, J', 'researcher_id': None}, {'display_name': 'Chen, Zhendong', 'wos_standard': 'Chen, ZD', 'researcher_id': None}, {'display_name': 'Chen, Jingmin', 'wos_standard': 'Chen, JM', 'researcher_id': None}, {'display_name': 'Pan, Duo', 'wos_standard': 'Pan, D', 'researcher_id': None}, {'display_name': 'Chen, Jingbiao', 'wos_standard': 'Chen, JB', 'researcher_id': None}]	2024 IEEE ULTRASONICS, FERROELECTRICS, AND FREQUENCY CONTROL JOINT SYMPOSIUM, UFFC-JS 2024	2024							3	0	WOS	10.1109/UFFC-JS60046.2024.10794103	1099-4734	979-8-3503-7191-8	979-8-3503-7190-1	https://www.webofscience.com/api/gateway?GWVersion=2&SrcApp=rongxin-test&SrcAuth=WosAPI&KeyUT=WOS:001428150100564&DestLinkType=FullRecord&DestApp=WOS_CPL		https://www.webofscience.com/api/gateway?GWVersion=2&SrcApp=rongxin-test&SrcAuth=WosAPI&KeyUT=WOS:001428150100564&DestLinkType=CitedReferences&DestApp=WOS	https://www.webofscience.com/api/gateway?GWVersion=2&SrcApp=rongxin-test&SrcAuth=WosAPI&KeyUT=WOS:001428150100564&DestLinkType=RelatedRecords&DestApp=WOS_CPL
WOS:001431710700007	Packed Regions Information SEI Message	['Meeting']	authors=[AuthorName(display_name='Boyce, Jill', wos_standard='Boyce, J', researcher_id=None), AuthorName(display_name='Hannuksela, Miska M.', wos_standard='Hannuksela, MM', researcher_id=None), AuthorName(display_name='Zhang, Honglei', wos_standard='Zhang, HL', researcher_id=None), AuthorName(display_name='Hallapuro, Antti', wos_standard='Hallapuro, A', researcher_id=None)] inventors=None book_corp=[OtherName(display_name='IEEE')] book_editors=None books=None additional_authors=None anonymous=None assignees=None corp=None editors=None investigators=None sponsors=None issuing_organizations=None	[{'display_name': 'Boyce, Jill', 'wos_standard': 'Boyce, J', 'researcher_id': None}, {'display_name': 'Hannuksela, Miska M.', 'wos_standard': 'Hannuksela, MM', 'researcher_id': None}, {'display_name': 'Zhang, Honglei', 'wos_standard': 'Zhang, HL', 'researcher_id': None}, {'display_name': 'Hallapuro, Antti', 'wos_standard': 'Hallapuro, A', 'researcher_id': None}]	2024 IEEE INTERNATIONAL CONFERENCE ON VISUAL COMMUNICATIONS AND IMAGE PROCESSING, VCIP	2024							5	0	WOS	10.1109/VCIP63160.2024.10849788	2642-9357	979-8-3315-2955-0	979-8-3315-2954-3	https://www.webofscience.com/api/gateway?GWVersion=2&SrcApp=rongxin-test&SrcAuth=WosAPI&KeyUT=WOS:001431710700007&DestLinkType=FullRecord&DestApp=WOS_CPL		https://www.webofscience.com/api/gateway?GWVersion=2&SrcApp=rongxin-test&SrcAuth=WosAPI&KeyUT=WOS:001431710700007&DestLinkType=CitedReferences&DestApp=WOS	https://www.webofscience.com/api/gateway?GWVersion=2&SrcApp=rongxin-test&SrcAuth=WosAPI&KeyUT=WOS:001431710700007&DestLinkType=RelatedRecords&DestApp=WOS_CPL
WOS:001429149100122	Data-Driven Short-Circuit Current Interval Prediction Method for Transmission Network	['Meeting']	authors=[AuthorName(display_name='Li, Xutao', wos_standard='Li, XT', researcher_id=None), AuthorName(display_name='Xue, Fei', wos_standard='Xue, F', researcher_id=None), AuthorName(display_name='Qiu, Gao', wos_standard='Qiu, G', researcher_id=None)] inventors=None book_corp=None book_editors=[OtherName(display_name='Chen, L'), OtherName(display_name='Liu, Y')] books=None additional_authors=None anonymous=None assignees=None corp=None editors=None investigators=None sponsors=None issuing_organizations=None	[{'display_name': 'Li, Xutao', 'wos_standard': 'Li, XT', 'researcher_id': None}, {'display_name': 'Xue, Fei', 'wos_standard': 'Xue, F', 'researcher_id': None}, {'display_name': 'Qiu, Gao', 'wos_standard': 'Qiu, G', 'researcher_id': None}]	2024 3RD ASIAN CONFERENCE ON FRONTIERS OF POWER AND ENERGY, ACFPE 2024	2024				696-701	696	701	6	0	WOS	10.1109/ACFPE63443.2024.10800793		979-8-3503-7846-7	979-8-3503-6767-6	https://www.webofscience.com/api/gateway?GWVersion=2&SrcApp=rongxin-test&SrcAuth=WosAPI&KeyUT=WOS:001429149100122&DestLinkType=FullRecord&DestApp=WOS_CPL		https://www.webofscience.com/api/gateway?GWVersion=2&SrcApp=rongxin-test&SrcAuth=WosAPI&KeyUT=WOS:001429149100122&DestLinkType=CitedReferences&DestApp=WOS	https://www.webofscience.com/api/gateway?GWVersion=2&SrcApp=rongxin-test&SrcAuth=WosAPI&KeyUT=WOS:001429149100122&DestLinkType=RelatedRecords&DestApp=WOS_CPL
WOS:001428150100499	Development and Characterization of PMUTs using Enchanced C-SOI Wafers	['Meeting']	authors=[AuthorName(display_name='Karuthedath, Cyril Baby', wos_standard='Karuthedath, CB', researcher_id=None), AuthorName(display_name='Sebastian, Abhilash Thanniyil', wos_standard='Sebastian, AT', researcher_id=None), AuthorName(display_name='Sillanpad, Teuvo', wos_standard='Sillanpad, T', researcher_id=None), AuthorName(display_name='Larismaa, Juha', wos_standard='Larismaa, J', researcher_id=None), AuthorName(display_name='Parkkinen, Katja', wos_standard='Parkkinen, K', researcher_id=None)] inventors=None book_corp=[OtherName(display_name='IEEE')] book_editors=None books=None additional_authors=None anonymous=None assignees=None corp=None editors=None investigators=None sponsors=None issuing_organizations=None	[{'display_name': 'Karuthedath, Cyril Baby', 'wos_standard': 'Karuthedath, CB', 'researcher_id': None}, {'display_name': 'Sebastian, Abhilash Thanniyil', 'wos_standard': 'Sebastian, AT', 'researcher_id': None}, {'display_name': 'Sillanpad, Teuvo', 'wos_standard': 'Sillanpad, T', 'researcher_id': None}, {'display_name': 'Larismaa, Juha', 'wos_standard': 'Larismaa, J', 'researcher_id': None}, {'display_name': 'Parkkinen, Katja', 'wos_standard': 'Parkkinen, K', 'researcher_id': None}]	2024 IEEE ULTRASONICS, FERROELECTRICS, AND FREQUENCY CONTROL JOINT SYMPOSIUM, UFFC-JS 2024	2024							4	0	WOS	10.1109/UFFC-JS60046.2024.10794038	1099-4734	979-8-3503-7191-8	979-8-3503-7190-1	https://www.webofscience.com/api/gateway?GWVersion=2&SrcApp=rongxin-test&SrcAuth=WosAPI&KeyUT=WOS:001428150100499&DestLinkType=FullRecord&DestApp=WOS_CPL		https://www.webofscience.com/api/gateway?GWVersion=2&SrcApp=rongxin-test&SrcAuth=WosAPI&KeyUT=WOS:001428150100499&DestLinkType=CitedReferences&DestApp=WOS	https://www.webofscience.com/api/gateway?GWVersion=2&SrcApp=rongxin-test&SrcAuth=WosAPI&KeyUT=WOS:001428150100499&DestLinkType=RelatedRecords&DestApp=WOS_CPL
WOS:001428150100046	A Wide Electronically Tunable Cavity Filter Using Thin-Film Barium-Strontium-Titanate Varactors	['Meeting']	authors=[AuthorName(display_name='Yang, Jie', wos_standard='Yang, J', researcher_id=None), AuthorName(display_name='Jiang, Shuwen', wos_standard='Jiang, SW', researcher_id=None)] inventors=None book_corp=[OtherName(display_name='IEEE')] book_editors=None books=None additional_authors=None anonymous=None assignees=None corp=None editors=None investigators=None sponsors=None issuing_organizations=None	[{'display_name': 'Yang, Jie', 'wos_standard': 'Yang, J', 'researcher_id': None}, {'display_name': 'Jiang, Shuwen', 'wos_standard': 'Jiang, SW', 'researcher_id': None}]	2024 IEEE ULTRASONICS, FERROELECTRICS, AND FREQUENCY CONTROL JOINT SYMPOSIUM, UFFC-JS 2024	2024							3	0	WOS	10.1109/UFFC-JS60046.2024.10793529	1099-4734	979-8-3503-7191-8	979-8-3503-7190-1	https://www.webofscience.com/api/gateway?GWVersion=2&SrcApp=rongxin-test&SrcAuth=WosAPI&KeyUT=WOS:001428150100046&DestLinkType=FullRecord&DestApp=WOS_CPL		https://www.webofscience.com/api/gateway?GWVersion=2&SrcApp=rongxin-test&SrcAuth=WosAPI&KeyUT=WOS:001428150100046&DestLinkType=CitedReferences&DestApp=WOS	https://www.webofscience.com/api/gateway?GWVersion=2&SrcApp=rongxin-test&SrcAuth=WosAPI&KeyUT=WOS:001428150100046&DestLinkType=RelatedRecords&DestApp=WOS_CPL
WOS:001436511900018	Quality Assessment of Mobile Banking Apps with Expert Users Using AHP Decision Making Tool	['Meeting']	authors=[AuthorName(display_name='Goceri, Mehmet Salih', wos_standard='Goceri, MS', researcher_id=None)] inventors=None book_corp=[OtherName(display_name='ASSOC COMPUTING MACHINERY')] book_editors=None books=None additional_authors=None anonymous=None assignees=None corp=None editors=None investigators=None sponsors=None issuing_organizations=None	[{'display_name': 'Goceri, Mehmet Salih', 'wos_standard': 'Goceri, MS', 'researcher_id': None}]	8TH INTERNATIONAL CONFERENCE ON INFORMATION SYSTEM AND DATA MINING, ICISDM 2024	2024				117-121	117	121	5	0	WOS	10.1145/3686397.3686416			979-8-4007-1734-5	https://www.webofscience.com/api/gateway?GWVersion=2&SrcApp=rongxin-test&SrcAuth=WosAPI&KeyUT=WOS:001436511900018&DestLinkType=FullRecord&DestApp=WOS_CPL		https://www.webofscience.com/api/gateway?GWVersion=2&SrcApp=rongxin-test&SrcAuth=WosAPI&KeyUT=WOS:001436511900018&DestLinkType=CitedReferences&DestApp=WOS	https://www.webofscience.com/api/gateway?GWVersion=2&SrcApp=rongxin-test&SrcAuth=WosAPI&KeyUT=WOS:001436511900018&DestLinkType=RelatedRecords&DestApp=WOS_CPL
WOS:001429193000048	Ethical Considerations in Interoperability	['Meeting']	authors=[AuthorName(display_name='Ferreira, Jose', wos_standard='Ferreira, J', researcher_id=None), AuthorName(display_name='Haidar, Hezam', wos_standard='Haidar, H', researcher_id=None), AuthorName(display_name='Contero Almagro, Cristina', wos_standard='Almagro, CC', researcher_id=None), AuthorName(display_name='Soffer, Tal', wos_standard='Soffer, T', researcher_id=None), AuthorName(display_name='Doumeingts, Guy', wos_standard='Doumeingts, G', researcher_id=None), AuthorName(display_name='Jardim-Gonsalves, Ricardo', wos_standard='Jardim-Gonsalves, R', researcher_id=None)] inventors=None book_corp=[OtherName(display_name='IEEE')] book_editors=None books=None additional_authors=None anonymous=None assignees=None corp=None editors=None investigators=None sponsors=None issuing_organizations=None	[{'display_name': 'Ferreira, Jose', 'wos_standard': 'Ferreira, J', 'researcher_id': None}, {'display_name': 'Haidar, Hezam', 'wos_standard': 'Haidar, H', 'researcher_id': None}, {'display_name': 'Contero Almagro, Cristina', 'wos_standard': 'Almagro, CC', 'researcher_id': None}, {'display_name': 'Soffer, Tal', 'wos_standard': 'Soffer, T', 'researcher_id': None}, {'display_name': 'Doumeingts, Guy', 'wos_standard': 'Doumeingts, G', 'researcher_id': None}, {'display_name': 'Jardim-Gonsalves, Ricardo', 'wos_standard': 'Jardim-Gonsalves, R', 'researcher_id': None}]	2024 IEEE INTERNATIONAL CONFERENCE ON ENGINEERING, TECHNOLOGY, AND INNOVATION, ICE/ITMC 2024	2024							9	0	WOS	10.1109/ICE/ITMC61926.2024.10794291	2334-315X	979-8-3503-6244-2	979-8-3503-6243-5	https://www.webofscience.com/api/gateway?GWVersion=2&SrcApp=rongxin-test&SrcAuth=WosAPI&KeyUT=WOS:001429193000048&DestLinkType=FullRecord&DestApp=WOS_CPL		https://www.webofscience.com/api/gateway?GWVersion=2&SrcApp=rongxin-test&SrcAuth=WosAPI&KeyUT=WOS:001429193000048&DestLinkType=CitedReferences&DestApp=WOS	https://www.webofscience.com/api/gateway?GWVersion=2&SrcApp=rongxin-test&SrcAuth=WosAPI&KeyUT=WOS:001429193000048&DestLinkType=RelatedRecords&DestApp=WOS_CPL
WOS:001444006900055	A Decision Tree Model For Inset-Fed Microstrip Patch Antenna	['Meeting']	authors=[AuthorName(display_name='Ouacifi, Malika', wos_standard='Ouacifi, M', researcher_id=None), AuthorName(display_name='Ferroudji, Karim', wos_standard='Ferroudji, K', researcher_id=None), AuthorName(display_name='Chebbara, Fouad', wos_standard='Chebbara, F', researcher_id=None), AuthorName(display_name='Amir, Mounir', wos_standard='Amir, M', researcher_id=None), AuthorName(display_name='Lashab, Mohamed', wos_standard='Lashab, M', researcher_id=None), AuthorName(display_name='Abd-Alhameed, Raed A.', wos_standard='Abd-Alhameed, RA', researcher_id=None)] inventors=None book_corp=[OtherName(display_name='IEEE')] book_editors=None books=None additional_authors=None anonymous=None assignees=None corp=None editors=None investigators=None sponsors=None issuing_organizations=None	[{'display_name': 'Ouacifi, Malika', 'wos_standard': 'Ouacifi, M', 'researcher_id': None}, {'display_name': 'Ferroudji, Karim', 'wos_standard': 'Ferroudji, K', 'researcher_id': None}, {'display_name': 'Chebbara, Fouad', 'wos_standard': 'Chebbara, F', 'researcher_id': None}, {'display_name': 'Amir, Mounir', 'wos_standard': 'Amir, M', 'researcher_id': None}, {'display_name': 'Lashab, Mohamed', 'wos_standard': 'Lashab, M', 'researcher_id': None}, {'display_name': 'Abd-Alhameed, Raed A.', 'wos_standard': 'Abd-Alhameed, RA', 'researcher_id': None}]	2024 1ST INTERNATIONAL CONFERENCE ON ELECTRICAL, COMPUTER, TELECOMMUNICATION AND ENERGY TECHNOLOGIES, ECTE-TECH	2024							5	0	WOS	10.1109/ECTE-TECH62477.2024.10851155		979-8-3503-8849-7	979-8-3503-8848-0	https://www.webofscience.com/api/gateway?GWVersion=2&SrcApp=rongxin-test&SrcAuth=WosAPI&KeyUT=WOS:001444006900055&DestLinkType=FullRecord&DestApp=WOS_CPL		https://www.webofscience.com/api/gateway?GWVersion=2&SrcApp=rongxin-test&SrcAuth=WosAPI&KeyUT=WOS:001444006900055&DestLinkType=CitedReferences&DestApp=WOS	https://www.webofscience.com/api/gateway?GWVersion=2&SrcApp=rongxin-test&SrcAuth=WosAPI&KeyUT=WOS:001444006900055&DestLinkType=RelatedRecords&DestApp=WOS_CPL
WOS:001435013400013	Discrete-Time Sliding Mode Controller For Magnetic Levitation System Using Minima Operator	['Meeting']	authors=[AuthorName(display_name='Pandey, Vinay', wos_standard='Pandey, V', researcher_id=None), AuthorName(display_name='Karnal, Shyam', wos_standard='Karnal, S', researcher_id=None), AuthorName(display_name='Ghosh, Sandip', wos_standard='Ghosh, S', researcher_id=None)] inventors=None book_corp=[OtherName(display_name='IEEE')] book_editors=None books=None additional_authors=None anonymous=None assignees=None corp=None editors=None investigators=None sponsors=None issuing_organizations=None	[{'display_name': 'Pandey, Vinay', 'wos_standard': 'Pandey, V', 'researcher_id': None}, {'display_name': 'Karnal, Shyam', 'wos_standard': 'Karnal, S', 'researcher_id': None}, {'display_name': 'Ghosh, Sandip', 'wos_standard': 'Ghosh, S', 'researcher_id': None}]	2024 17TH INTERNATIONAL WORKSHOP ON VARIABLE STRUCTURE SYSTEMS, VSS	2024				69-74	69	74	6	0	WOS	10.1109/VSS61690.2024.10753405	2158-3978	979-8-3503-5369-3	979-8-3503-5368-6	https://www.webofscience.com/api/gateway?GWVersion=2&SrcApp=rongxin-test&SrcAuth=WosAPI&KeyUT=WOS:001435013400013&DestLinkType=FullRecord&DestApp=WOS_CPL		https://www.webofscience.com/api/gateway?GWVersion=2&SrcApp=rongxin-test&SrcAuth=WosAPI&KeyUT=WOS:001435013400013&DestLinkType=CitedReferences&DestApp=WOS	https://www.webofscience.com/api/gateway?GWVersion=2&SrcApp=rongxin-test&SrcAuth=WosAPI&KeyUT=WOS:001435013400013&DestLinkType=RelatedRecords&DestApp=WOS_CPL
WOS:001431710700025	Predicting total time to compress a video corpus using online inference systems	['Meeting']	authors=[AuthorName(display_name='Shu, Xin', wos_standard='Shu, X', researcher_id=None), AuthorName(display_name='Vibhoothi, Vibhoothi', wos_standard='Vibhoothi, V', researcher_id=None), AuthorName(display_name='Kokaram, Anil', wos_standard='Kokaram, A', researcher_id=None)] inventors=None book_corp=[OtherName(display_name='IEEE')] book_editors=None books=None additional_authors=None anonymous=None assignees=None corp=None editors=None investigators=None sponsors=None issuing_organizations=None	[{'display_name': 'Shu, Xin', 'wos_standard': 'Shu, X', 'researcher_id': None}, {'display_name': 'Vibhoothi, Vibhoothi', 'wos_standard': 'Vibhoothi, V', 'researcher_id': None}, {'display_name': 'Kokaram, Anil', 'wos_standard': 'Kokaram, A', 'researcher_id': None}]	2024 IEEE INTERNATIONAL CONFERENCE ON VISUAL COMMUNICATIONS AND IMAGE PROCESSING, VCIP	2024							5	0	WOS	10.1109/VCIP63160.2024.10849826	2642-9357	979-8-3315-2955-0	979-8-3315-2954-3	https://www.webofscience.com/api/gateway?GWVersion=2&SrcApp=rongxin-test&SrcAuth=WosAPI&KeyUT=WOS:001431710700025&DestLinkType=FullRecord&DestApp=WOS_CPL		https://www.webofscience.com/api/gateway?GWVersion=2&SrcApp=rongxin-test&SrcAuth=WosAPI&KeyUT=WOS:001431710700025&DestLinkType=CitedReferences&DestApp=WOS	https://www.webofscience.com/api/gateway?GWVersion=2&SrcApp=rongxin-test&SrcAuth=WosAPI&KeyUT=WOS:001431710700025&DestLinkType=RelatedRecords&DestApp=WOS_CPL
WOS:001428150100502	Modeling and Imaging of GHz Ultrasonic Impedance of <i>C</i>. <i>elegans</i>	['Meeting']	authors=[AuthorName(display_name='Baskota, Anuj', wos_standard='Baskota, A', researcher_id=None), AuthorName(display_name='Chang, Hsin-Yun', wos_standard='Chang, HY', researcher_id=None), AuthorName(display_name='Chaturbedi, Amaresh', wos_standard='Chaturbedi, A', researcher_id=None), AuthorName(display_name='Kuo, Justin', wos_standard='Kuo, J', researcher_id=None), AuthorName(display_name='Ardanuc, Serhan', wos_standard='Ardanuc, S', researcher_id=None), AuthorName(display_name='Lee, Siu Sylvia', wos_standard='Lee, SS', researcher_id=None), AuthorName(display_name='Lal, Amit', wos_standard='Lal, A', researcher_id=None)] inventors=None book_corp=[OtherName(display_name='IEEE')] book_editors=None books=None additional_authors=None anonymous=None assignees=None corp=None editors=None investigators=None sponsors=None issuing_organizations=None	[{'display_name': 'Baskota, Anuj', 'wos_standard': 'Baskota, A', 'researcher_id': None}, {'display_name': 'Chang, Hsin-Yun', 'wos_standard': 'Chang, HY', 'researcher_id': None}, {'display_name': 'Chaturbedi, Amaresh', 'wos_standard': 'Chaturbedi, A', 'researcher_id': None}, {'display_name': 'Kuo, Justin', 'wos_standard': 'Kuo, J', 'researcher_id': None}, {'display_name': 'Ardanuc, Serhan', 'wos_standard': 'Ardanuc, S', 'researcher_id': None}, {'display_name': 'Lee, Siu Sylvia', 'wos_standard': 'Lee, SS', 'researcher_id': None}, {'display_name': 'Lal, Amit', 'wos_standard': 'Lal, A', 'researcher_id': None}]	2024 IEEE ULTRASONICS, FERROELECTRICS, AND FREQUENCY CONTROL JOINT SYMPOSIUM, UFFC-JS 2024	2024							4	0	WOS	10.1109/UFFC-JS60046.2024.10794041	1099-4734	979-8-3503-7191-8	979-8-3503-7190-1	https://www.webofscience.com/api/gateway?GWVersion=2&SrcApp=rongxin-test&SrcAuth=WosAPI&KeyUT=WOS:001428150100502&DestLinkType=FullRecord&DestApp=WOS_CPL		https://www.webofscience.com/api/gateway?GWVersion=2&SrcApp=rongxin-test&SrcAuth=WosAPI&KeyUT=WOS:001428150100502&DestLinkType=CitedReferences&DestApp=WOS	https://www.webofscience.com/api/gateway?GWVersion=2&SrcApp=rongxin-test&SrcAuth=WosAPI&KeyUT=WOS:001428150100502&DestLinkType=RelatedRecords&DestApp=WOS_CPL
WOS:001435013400009	Numerical Integrator based on Implicit Euler Discretization of Twisting Control Algorithm	['Meeting']	authors=[AuthorName(display_name='Singh, Bhawana', wos_standard='Singh, B', researcher_id=None), AuthorName(display_name='Xiong, Xiaogang', wos_standard='Xiong, XG', researcher_id=None), AuthorName(display_name='Ghosh, Debdas', wos_standard='Ghosh, D', researcher_id=None), AuthorName(display_name='Kamal, Shyam', wos_standard='Kamal, S', researcher_id=None)] inventors=None book_corp=[OtherName(display_name='IEEE')] book_editors=None books=None additional_authors=None anonymous=None assignees=None corp=None editors=None investigators=None sponsors=None issuing_organizations=None	[{'display_name': 'Singh, Bhawana', 'wos_standard': 'Singh, B', 'researcher_id': None}, {'display_name': 'Xiong, Xiaogang', 'wos_standard': 'Xiong, XG', 'researcher_id': None}, {'display_name': 'Ghosh, Debdas', 'wos_standard': 'Ghosh, D', 'researcher_id': None}, {'display_name': 'Kamal, Shyam', 'wos_standard': 'Kamal, S', 'researcher_id': None}]	2024 17TH INTERNATIONAL WORKSHOP ON VARIABLE STRUCTURE SYSTEMS, VSS	2024				46-50	46	50	5	0	WOS	10.1109/VSS61690.2024.10753376	2158-3978	979-8-3503-5369-3	979-8-3503-5368-6	https://www.webofscience.com/api/gateway?GWVersion=2&SrcApp=rongxin-test&SrcAuth=WosAPI&KeyUT=WOS:001435013400009&DestLinkType=FullRecord&DestApp=WOS_CPL		https://www.webofscience.com/api/gateway?GWVersion=2&SrcApp=rongxin-test&SrcAuth=WosAPI&KeyUT=WOS:001435013400009&DestLinkType=CitedReferences&DestApp=WOS	https://www.webofscience.com/api/gateway?GWVersion=2&SrcApp=rongxin-test&SrcAuth=WosAPI&KeyUT=WOS:001435013400009&DestLinkType=RelatedRecords&DestApp=WOS_CPL
WOS:001438533400031	Implementing Technology-Enhanced Support for First-Year Students on Blackboard: Lessons Learned	['Meeting']	authors=[AuthorName(display_name='Mvunge, Nathunathi', wos_standard='Mvunge, N', researcher_id=None), AuthorName(display_name='Tsipa-Booi, Nobulali', wos_standard='Tsipa-Booi, N', researcher_id=None), AuthorName(display_name='Mqukuse, Bongo', wos_standard='Mqukuse, B', researcher_id=None)] inventors=None book_corp=None book_editors=[OtherName(display_name='Moriera, F')] books=None additional_authors=None anonymous=None assignees=None corp=None editors=None investigators=None sponsors=None issuing_organizations=None	[{'display_name': 'Mvunge, Nathunathi', 'wos_standard': 'Mvunge, N', 'researcher_id': None}, {'display_name': 'Tsipa-Booi, Nobulali', 'wos_standard': 'Tsipa-Booi, N', 'researcher_id': None}, {'display_name': 'Mqukuse, Bongo', 'wos_standard': 'Mqukuse, B', 'researcher_id': None}]	PROCEEDINGS OF THE 23RD EUROPEAN CONFERENCE ON E-LEARNING, ECEL 2024	2024		23/1		257-263	257	263	7	0	WOS		2048-8637	978-1-917204-21-7	978-1-917204-22-4	https://www.webofscience.com/api/gateway?GWVersion=2&SrcApp=rongxin-test&SrcAuth=WosAPI&KeyUT=WOS:001438533400031&DestLinkType=FullRecord&DestApp=WOS_CPL		https://www.webofscience.com/api/gateway?GWVersion=2&SrcApp=rongxin-test&SrcAuth=WosAPI&KeyUT=WOS:001438533400031&DestLinkType=CitedReferences&DestApp=WOS	https://www.webofscience.com/api/gateway?GWVersion=2&SrcApp=rongxin-test&SrcAuth=WosAPI&KeyUT=WOS:001438533400031&DestLinkType=RelatedRecords&DestApp=WOS_CPL
WOS:001428150100510	Intelligent Diagnosis of Prostate Tumors Based on Depth-wise Separable Convolutional Neural Network using Transrectal Ultrasound B-mode Images	['Meeting']	authors=[AuthorName(display_name='Huang, Yuzhan', wos_standard='Huang, YZ', researcher_id=None), AuthorName(display_name='Lug, Min', wos_standard='Lug, M', researcher_id=None), AuthorName(display_name='Lan, Hengrong', wos_standard='Lan, HR', researcher_id=None), AuthorName(display_name='He, Qiong', wos_standard='He, Q', researcher_id=None), AuthorName(display_name='Fu, Shuai', wos_standard='Fu, S', researcher_id=None), AuthorName(display_name='Luo, Jianwen', wos_standard='Luo, JW', researcher_id=None)] inventors=None book_corp=[OtherName(display_name='IEEE')] book_editors=None books=None additional_authors=None anonymous=None assignees=None corp=None editors=None investigators=None sponsors=None issuing_organizations=None	[{'display_name': 'Huang, Yuzhan', 'wos_standard': 'Huang, YZ', 'researcher_id': None}, {'display_name': 'Lug, Min', 'wos_standard': 'Lug, M', 'researcher_id': None}, {'display_name': 'Lan, Hengrong', 'wos_standard': 'Lan, HR', 'researcher_id': None}, {'display_name': 'He, Qiong', 'wos_standard': 'He, Q', 'researcher_id': None}, {'display_name': 'Fu, Shuai', 'wos_standard': 'Fu, S', 'researcher_id': None}, {'display_name': 'Luo, Jianwen', 'wos_standard': 'Luo, JW', 'researcher_id': None}]	2024 IEEE ULTRASONICS, FERROELECTRICS, AND FREQUENCY CONTROL JOINT SYMPOSIUM, UFFC-JS 2024	2024							4	0	WOS	10.1109/UFFC-JS60046.2024.10794049	1099-4734	979-8-3503-7191-8	979-8-3503-7190-1	https://www.webofscience.com/api/gateway?GWVersion=2&SrcApp=rongxin-test&SrcAuth=WosAPI&KeyUT=WOS:001428150100510&DestLinkType=FullRecord&DestApp=WOS_CPL		https://www.webofscience.com/api/gateway?GWVersion=2&SrcApp=rongxin-test&SrcAuth=WosAPI&KeyUT=WOS:001428150100510&DestLinkType=CitedReferences&DestApp=WOS	https://www.webofscience.com/api/gateway?GWVersion=2&SrcApp=rongxin-test&SrcAuth=WosAPI&KeyUT=WOS:001428150100510&DestLinkType=RelatedRecords&DestApp=WOS_CPL
WOS:001428150100187	Non-invasive 3D Electromechanical Cycle Length Mapping for Atrial Fibrillation Mapping and PVI Ablation Response Prediction	['Meeting']	authors=[AuthorName(display_name='Tourni, Melina', wos_standard='Tourni, M', researcher_id=None), AuthorName(display_name='Han, Seungyeon Julia', wos_standard='Han, SJ', researcher_id=None), AuthorName(display_name='Kucinski, Mary', wos_standard='Kucinski, M', researcher_id=None), AuthorName(display_name='Kim, Hannah', wos_standard='Kim, H', researcher_id=None), AuthorName(display_name='Biviano, Angelo', wos_standard='Biviano, A', researcher_id=None), AuthorName(display_name='Konofagou, Elisa', wos_standard='Konofagou, E', researcher_id=None)] inventors=None book_corp=[OtherName(display_name='IEEE')] book_editors=None books=None additional_authors=None anonymous=None assignees=None corp=None editors=None investigators=None sponsors=None issuing_organizations=None	[{'display_name': 'Tourni, Melina', 'wos_standard': 'Tourni, M', 'researcher_id': None}, {'display_name': 'Han, Seungyeon Julia', 'wos_standard': 'Han, SJ', 'researcher_id': None}, {'display_name': 'Kucinski, Mary', 'wos_standard': 'Kucinski, M', 'researcher_id': None}, {'display_name': 'Kim, Hannah', 'wos_standard': 'Kim, H', 'researcher_id': None}, {'display_name': 'Biviano, Angelo', 'wos_standard': 'Biviano, A', 'researcher_id': None}, {'display_name': 'Konofagou, Elisa', 'wos_standard': 'Konofagou, E', 'researcher_id': None}]	2024 IEEE ULTRASONICS, FERROELECTRICS, AND FREQUENCY CONTROL JOINT SYMPOSIUM, UFFC-JS 2024	2024							4	0	WOS	10.1109/UFFC-JS60046.2024.10793722	1099-4734	979-8-3503-7191-8	979-8-3503-7190-1	https://www.webofscience.com/api/gateway?GWVersion=2&SrcApp=rongxin-test&SrcAuth=WosAPI&KeyUT=WOS:001428150100187&DestLinkType=FullRecord&DestApp=WOS_CPL		https://www.webofscience.com/api/gateway?GWVersion=2&SrcApp=rongxin-test&SrcAuth=WosAPI&KeyUT=WOS:001428150100187&DestLinkType=CitedReferences&DestApp=WOS	https://www.webofscience.com/api/gateway?GWVersion=2&SrcApp=rongxin-test&SrcAuth=WosAPI&KeyUT=WOS:001428150100187&DestLinkType=RelatedRecords&DestApp=WOS_CPL
WOS:001429193000019	Moving from the Internet of Things to the Industrial Metaverse: A systematic literature review	['Meeting']	authors=[AuthorName(display_name='Viola, Alessandro', wos_standard='Viola, A', researcher_id=None), AuthorName(display_name='Hauge, Jannicke Baalsrud', wos_standard='Hauge, JB', researcher_id=None), AuthorName(display_name='Bugar, Gabriel', wos_standard='Bugár, G', researcher_id=None), AuthorName(display_name='Uckelmann, Dieter', wos_standard='Uckelmann, D', researcher_id=None), AuthorName(display_name='Romagnoli, Giovanni', wos_standard='Romagnoli, G', researcher_id=None)] inventors=None book_corp=[OtherName(display_name='IEEE')] book_editors=None books=None additional_authors=None anonymous=None assignees=None corp=None editors=None investigators=None sponsors=None issuing_organizations=None	[{'display_name': 'Viola, Alessandro', 'wos_standard': 'Viola, A', 'researcher_id': None}, {'display_name': 'Hauge, Jannicke Baalsrud', 'wos_standard': 'Hauge, JB', 'researcher_id': None}, {'display_name': 'Bugar, Gabriel', 'wos_standard': 'Bugár, G', 'researcher_id': None}, {'display_name': 'Uckelmann, Dieter', 'wos_standard': 'Uckelmann, D', 'researcher_id': None}, {'display_name': 'Romagnoli, Giovanni', 'wos_standard': 'Romagnoli, G', 'researcher_id': None}]	2024 IEEE INTERNATIONAL CONFERENCE ON ENGINEERING, TECHNOLOGY, AND INNOVATION, ICE/ITMC 2024	2024							7	0	WOS	10.1109/ICE/ITMC61926.2024.10794235	2334-315X	979-8-3503-6244-2	979-8-3503-6243-5	https://www.webofscience.com/api/gateway?GWVersion=2&SrcApp=rongxin-test&SrcAuth=WosAPI&KeyUT=WOS:001429193000019&DestLinkType=FullRecord&DestApp=WOS_CPL		https://www.webofscience.com/api/gateway?GWVersion=2&SrcApp=rongxin-test&SrcAuth=WosAPI&KeyUT=WOS:001429193000019&DestLinkType=CitedReferences&DestApp=WOS	https://www.webofscience.com/api/gateway?GWVersion=2&SrcApp=rongxin-test&SrcAuth=WosAPI&KeyUT=WOS:001429193000019&DestLinkType=RelatedRecords&DestApp=WOS_CPL
WOS:001429153800031	Interpretable Deep Learning for Monkeypox Lesion Classification: A Study Using Model-Agnostic Explainability Techniques	['Meeting']	authors=[AuthorName(display_name='Ahmed, Imran', wos_standard='Ahmed, I', researcher_id=None), AuthorName(display_name='Ahmad, Misbah', wos_standard='Ahmad, M', researcher_id=None)] inventors=None book_corp=None book_editors=[OtherName(display_name='Paul, R'), OtherName(display_name='Kundu, A')] books=None additional_authors=None anonymous=None assignees=None corp=None editors=None investigators=None sponsors=None issuing_organizations=None	[{'display_name': 'Ahmed, Imran', 'wos_standard': 'Ahmed, I', 'researcher_id': None}, {'display_name': 'Ahmad, Misbah', 'wos_standard': 'Ahmad, M', 'researcher_id': None}]	2024 IEEE 15TH ANNUAL UBIQUITOUS COMPUTING, ELECTRONICS & MOBILE COMMUNICATION CONFERENCE, UEMCON	2024				202-209	202	209	8	0	WOS	10.1109/UEMCON62879.2024.10754703		979-8-3315-4091-3	979-8-3315-4090-6	https://www.webofscience.com/api/gateway?GWVersion=2&SrcApp=rongxin-test&SrcAuth=WosAPI&KeyUT=WOS:001429153800031&DestLinkType=FullRecord&DestApp=WOS_CPL		https://www.webofscience.com/api/gateway?GWVersion=2&SrcApp=rongxin-test&SrcAuth=WosAPI&KeyUT=WOS:001429153800031&DestLinkType=CitedReferences&DestApp=WOS	https://www.webofscience.com/api/gateway?GWVersion=2&SrcApp=rongxin-test&SrcAuth=WosAPI&KeyUT=WOS:001429153800031&DestLinkType=RelatedRecords&DestApp=WOS_CPL
WOS:001429149100119	Grid-Connected Microgrid Commitment Involving Demand Response and Energy Storage with Rule-Based Benefit Sharing	['Meeting']	authors=[AuthorName(display_name='Ye, Jichao', wos_standard='Ye, JC', researcher_id=None), AuthorName(display_name='Ji, Aoying', wos_standard='Ji, AY', researcher_id=None), AuthorName(display_name='Zhang, Chengxiang', wos_standard='Zhang, CX', researcher_id=None), AuthorName(display_name='Zheng, Keke', wos_standard='Zheng, KK', researcher_id=None), AuthorName(display_name='Sun, Jiandong', wos_standard='Sun, JD', researcher_id=None), AuthorName(display_name='Hua, Liyun', wos_standard='Hua, LY', researcher_id=None)] inventors=None book_corp=None book_editors=[OtherName(display_name='Chen, L'), OtherName(display_name='Liu, Y')] books=None additional_authors=None anonymous=None assignees=None corp=None editors=None investigators=None sponsors=None issuing_organizations=None	[{'display_name': 'Ye, Jichao', 'wos_standard': 'Ye, JC', 'researcher_id': None}, {'display_name': 'Ji, Aoying', 'wos_standard': 'Ji, AY', 'researcher_id': None}, {'display_name': 'Zhang, Chengxiang', 'wos_standard': 'Zhang, CX', 'researcher_id': None}, {'display_name': 'Zheng, Keke', 'wos_standard': 'Zheng, KK', 'researcher_id': None}, {'display_name': 'Sun, Jiandong', 'wos_standard': 'Sun, JD', 'researcher_id': None}, {'display_name': 'Hua, Liyun', 'wos_standard': 'Hua, LY', 'researcher_id': None}]	2024 3RD ASIAN CONFERENCE ON FRONTIERS OF POWER AND ENERGY, ACFPE 2024	2024				679-685	679	685	7	0	WOS	10.1109/ACFPE63443.2024.10801089		979-8-3503-7846-7	979-8-3503-6767-6	https://www.webofscience.com/api/gateway?GWVersion=2&SrcApp=rongxin-test&SrcAuth=WosAPI&KeyUT=WOS:001429149100119&DestLinkType=FullRecord&DestApp=WOS_CPL		https://www.webofscience.com/api/gateway?GWVersion=2&SrcApp=rongxin-test&SrcAuth=WosAPI&KeyUT=WOS:001429149100119&DestLinkType=CitedReferences&DestApp=WOS	https://www.webofscience.com/api/gateway?GWVersion=2&SrcApp=rongxin-test&SrcAuth=WosAPI&KeyUT=WOS:001429149100119&DestLinkType=RelatedRecords&DestApp=WOS_CPL
WOS:001436511900007	Bridging Theory and Practice: Preparing Future IT Service Leaders through Experiential Learning in Cybersecurity Policy and Governance	['Meeting']	authors=[AuthorName(display_name='Burris, John Welsey', wos_standard='Burris, JW', researcher_id=None), AuthorName(display_name='Regis, Paulo', wos_standard='Regis, P', researcher_id=None)] inventors=None book_corp=[OtherName(display_name='ASSOC COMPUTING MACHINERY')] book_editors=None books=None additional_authors=None anonymous=None assignees=None corp=None editors=None investigators=None sponsors=None issuing_organizations=None	[{'display_name': 'Burris, John Welsey', 'wos_standard': 'Burris, JW', 'researcher_id': None}, {'display_name': 'Regis, Paulo', 'wos_standard': 'Regis, P', 'researcher_id': None}]	8TH INTERNATIONAL CONFERENCE ON INFORMATION SYSTEM AND DATA MINING, ICISDM 2024	2024				39-43	39	43	5	0	WOS	10.1145/3686397.3686404			979-8-4007-1734-5	https://www.webofscience.com/api/gateway?GWVersion=2&SrcApp=rongxin-test&SrcAuth=WosAPI&KeyUT=WOS:001436511900007&DestLinkType=FullRecord&DestApp=WOS_CPL		https://www.webofscience.com/api/gateway?GWVersion=2&SrcApp=rongxin-test&SrcAuth=WosAPI&KeyUT=WOS:001436511900007&DestLinkType=CitedReferences&DestApp=WOS	https://www.webofscience.com/api/gateway?GWVersion=2&SrcApp=rongxin-test&SrcAuth=WosAPI&KeyUT=WOS:001436511900007&DestLinkType=RelatedRecords&DestApp=WOS_CPL
WOS:001431710700082	MVCD: Multi-Dimensional Video Compression Dataset	['Meeting']	authors=[AuthorName(display_name='Amirpour, Hadi', wos_standard='Amirpour, H', researcher_id=None), AuthorName(display_name='Ghasempour, Mohammad', wos_standard='Ghasempour, M', researcher_id=None), AuthorName(display_name='Tashtarian, Farzad', wos_standard='Tashtarian, F', researcher_id=None), AuthorName(display_name='Telili, Ahmed', wos_standard='Telili, A', researcher_id=None), AuthorName(display_name='Afzal, Samira', wos_standard='Afzal, S', researcher_id=None), AuthorName(display_name='Hamidouche, Wassim', wos_standard='Hamidouche, W', researcher_id=None), AuthorName(display_name='Timmerer, Christian', wos_standard='Timmerer, C', researcher_id=None)] inventors=None book_corp=[OtherName(display_name='IEEE')] book_editors=None books=None additional_authors=None anonymous=None assignees=None corp=None editors=None investigators=None sponsors=None issuing_organizations=None	[{'display_name': 'Amirpour, Hadi', 'wos_standard': 'Amirpour, H', 'researcher_id': None}, {'display_name': 'Ghasempour, Mohammad', 'wos_standard': 'Ghasempour, M', 'researcher_id': None}, {'display_name': 'Tashtarian, Farzad', 'wos_standard': 'Tashtarian, F', 'researcher_id': None}, {'display_name': 'Telili, Ahmed', 'wos_standard': 'Telili, A', 'researcher_id': None}, {'display_name': 'Afzal, Samira', 'wos_standard': 'Afzal, S', 'researcher_id': None}, {'display_name': 'Hamidouche, Wassim', 'wos_standard': 'Hamidouche, W', 'researcher_id': None}, {'display_name': 'Timmerer, Christian', 'wos_standard': 'Timmerer, C', 'researcher_id': None}]	2024 IEEE INTERNATIONAL CONFERENCE ON VISUAL COMMUNICATIONS AND IMAGE PROCESSING, VCIP	2024							5	0	WOS	10.1109/VCIP63160.2024.10849883	2642-9357	979-8-3315-2955-0	979-8-3315-2954-3	https://www.webofscience.com/api/gateway?GWVersion=2&SrcApp=rongxin-test&SrcAuth=WosAPI&KeyUT=WOS:001431710700082&DestLinkType=FullRecord&DestApp=WOS_CPL		https://www.webofscience.com/api/gateway?GWVersion=2&SrcApp=rongxin-test&SrcAuth=WosAPI&KeyUT=WOS:001431710700082&DestLinkType=CitedReferences&DestApp=WOS	https://www.webofscience.com/api/gateway?GWVersion=2&SrcApp=rongxin-test&SrcAuth=WosAPI&KeyUT=WOS:001431710700082&DestLinkType=RelatedRecords&DestApp=WOS_CPL
WOS:001431710700102	Coarse-to-fine Transformer For Lossless 3D Medical Image Compression	['Meeting']	authors=[AuthorName(display_name='Yang, Xiaoxuan', wos_standard='Yang, XX', researcher_id=None), AuthorName(display_name='Lui, Guo', wos_standard='Lui, G', researcher_id=None), AuthorName(display_name='Feng, Donghui', wos_standard='Feng, DH', researcher_id=None), AuthorName(display_name='Cheng, Zhengxue', wos_standard='Cheng, ZX', researcher_id=None), AuthorName(display_name='Yu, Guosheng', wos_standard='Yu, GS', researcher_id=None), AuthorName(display_name='Song, Li', wos_standard='Song, L', researcher_id=None)] inventors=None book_corp=[OtherName(display_name='IEEE')] book_editors=None books=None additional_authors=None anonymous=None assignees=None corp=None editors=None investigators=None sponsors=None issuing_organizations=None	[{'display_name': 'Yang, Xiaoxuan', 'wos_standard': 'Yang, XX', 'researcher_id': None}, {'display_name': 'Lui, Guo', 'wos_standard': 'Lui, G', 'researcher_id': None}, {'display_name': 'Feng, Donghui', 'wos_standard': 'Feng, DH', 'researcher_id': None}, {'display_name': 'Cheng, Zhengxue', 'wos_standard': 'Cheng, ZX', 'researcher_id': None}, {'display_name': 'Yu, Guosheng', 'wos_standard': 'Yu, GS', 'researcher_id': None}, {'display_name': 'Song, Li', 'wos_standard': 'Song, L', 'researcher_id': None}]	2024 IEEE INTERNATIONAL CONFERENCE ON VISUAL COMMUNICATIONS AND IMAGE PROCESSING, VCIP	2024							5	0	WOS	10.1109/VCIP63160.2024.10849903	2642-9357	979-8-3315-2955-0	979-8-3315-2954-3	https://www.webofscience.com/api/gateway?GWVersion=2&SrcApp=rongxin-test&SrcAuth=WosAPI&KeyUT=WOS:001431710700102&DestLinkType=FullRecord&DestApp=WOS_CPL		https://www.webofscience.com/api/gateway?GWVersion=2&SrcApp=rongxin-test&SrcAuth=WosAPI&KeyUT=WOS:001431710700102&DestLinkType=CitedReferences&DestApp=WOS	https://www.webofscience.com/api/gateway?GWVersion=2&SrcApp=rongxin-test&SrcAuth=WosAPI&KeyUT=WOS:001431710700102&DestLinkType=RelatedRecords&DestApp=WOS_CPL
WOS:001435013400050	Fast-terminal Super-twisting Control for Quadrotor UAVs Landing on Moving Ship	['Meeting']	authors=[AuthorName(display_name='Sonil, Sandeep Kumar', wos_standard='Sonil, SK', researcher_id=None), AuthorName(display_name='Kumar, Sunil', wos_standard='Kumar, S', researcher_id=None), AuthorName(display_name='Sachan, Ankit', wos_standard='Sachan, A', researcher_id=None), AuthorName(display_name='Goyal, Jitendra Kumar', wos_standard='Goyal, JK', researcher_id=None), AuthorName(display_name='Djemai, Mohamed', wos_standard='Djemai, M', researcher_id=None)] inventors=None book_corp=[OtherName(display_name='IEEE')] book_editors=None books=None additional_authors=None anonymous=None assignees=None corp=None editors=None investigators=None sponsors=None issuing_organizations=None	[{'display_name': 'Sonil, Sandeep Kumar', 'wos_standard': 'Sonil, SK', 'researcher_id': None}, {'display_name': 'Kumar, Sunil', 'wos_standard': 'Kumar, S', 'researcher_id': None}, {'display_name': 'Sachan, Ankit', 'wos_standard': 'Sachan, A', 'researcher_id': None}, {'display_name': 'Goyal, Jitendra Kumar', 'wos_standard': 'Goyal, JK', 'researcher_id': None}, {'display_name': 'Djemai, Mohamed', 'wos_standard': 'Djemai, M', 'researcher_id': None}]	2024 17TH INTERNATIONAL WORKSHOP ON VARIABLE STRUCTURE SYSTEMS, VSS	2024				292-297	292	297	6	0	WOS	10.1109/VSS61690.2024.10753388	2158-3978	979-8-3503-5369-3	979-8-3503-5368-6	https://www.webofscience.com/api/gateway?GWVersion=2&SrcApp=rongxin-test&SrcAuth=WosAPI&KeyUT=WOS:001435013400050&DestLinkType=FullRecord&DestApp=WOS_CPL		https://www.webofscience.com/api/gateway?GWVersion=2&SrcApp=rongxin-test&SrcAuth=WosAPI&KeyUT=WOS:001435013400050&DestLinkType=CitedReferences&DestApp=WOS	https://www.webofscience.com/api/gateway?GWVersion=2&SrcApp=rongxin-test&SrcAuth=WosAPI&KeyUT=WOS:001435013400050&DestLinkType=RelatedRecords&DestApp=WOS_CPL
WOS:001423279900097	HIL Testbed-based Design and Implementation of DER-integrated-MMC for Extreme Fast Charger	['Meeting']	authors=[AuthorName(display_name='Yadav, Ankit', wos_standard='Yadav, A', researcher_id=None), AuthorName(display_name='Gelli, Ravikumar', wos_standard='Gelli, R', researcher_id=None)] inventors=None book_corp=[OtherName(display_name='IEEE')] book_editors=None books=None additional_authors=None anonymous=None assignees=None corp=None editors=None investigators=None sponsors=None issuing_organizations=None	[{'display_name': 'Yadav, Ankit', 'wos_standard': 'Yadav, A', 'researcher_id': None}, {'display_name': 'Gelli, Ravikumar', 'wos_standard': 'Gelli, R', 'researcher_id': None}]	2024 56TH NORTH AMERICAN POWER SYMPOSIUM, NAPS 2024	2024							6	0	WOS	10.1109/NAPS61145.2024.10741783	2163-4939	979-8-3315-2104-2	979-8-3315-2103-5	https://www.webofscience.com/api/gateway?GWVersion=2&SrcApp=rongxin-test&SrcAuth=WosAPI&KeyUT=WOS:001423279900097&DestLinkType=FullRecord&DestApp=WOS_CPL		https://www.webofscience.com/api/gateway?GWVersion=2&SrcApp=rongxin-test&SrcAuth=WosAPI&KeyUT=WOS:001423279900097&DestLinkType=CitedReferences&DestApp=WOS	https://www.webofscience.com/api/gateway?GWVersion=2&SrcApp=rongxin-test&SrcAuth=WosAPI&KeyUT=WOS:001423279900097&DestLinkType=RelatedRecords&DestApp=WOS_CPL
WOS:001423279900026	Modeling and Validating System Dynamics in Saudi Synthetic Electric Grid	['Meeting']	authors=[AuthorName(display_name='Alonize, Mishal', wos_standard='Alonize, M', researcher_id=None), AuthorName(display_name='Wang, Jinning', wos_standard='Wang, JN', researcher_id=None), AuthorName(display_name='Malkmus, Zackery', wos_standard='Malkmus, Z', researcher_id=None), AuthorName(display_name='Li, Fangxing (Fran)', wos_standard='Li, F', researcher_id=None)] inventors=None book_corp=[OtherName(display_name='IEEE')] book_editors=None books=None additional_authors=None anonymous=None assignees=None corp=None editors=None investigators=None sponsors=None issuing_organizations=None	[{'display_name': 'Alonize, Mishal', 'wos_standard': 'Alonize, M', 'researcher_id': None}, {'display_name': 'Wang, Jinning', 'wos_standard': 'Wang, JN', 'researcher_id': None}, {'display_name': 'Malkmus, Zackery', 'wos_standard': 'Malkmus, Z', 'researcher_id': None}, {'display_name': 'Li, Fangxing (Fran)', 'wos_standard': 'Li, F', 'researcher_id': None}]	2024 56TH NORTH AMERICAN POWER SYMPOSIUM, NAPS 2024	2024							6	0	WOS	10.1109/NAPS61145.2024.10741657	2163-4939	979-8-3315-2104-2	979-8-3315-2103-5	https://www.webofscience.com/api/gateway?GWVersion=2&SrcApp=rongxin-test&SrcAuth=WosAPI&KeyUT=WOS:001423279900026&DestLinkType=FullRecord&DestApp=WOS_CPL		https://www.webofscience.com/api/gateway?GWVersion=2&SrcApp=rongxin-test&SrcAuth=WosAPI&KeyUT=WOS:001423279900026&DestLinkType=CitedReferences&DestApp=WOS	https://www.webofscience.com/api/gateway?GWVersion=2&SrcApp=rongxin-test&SrcAuth=WosAPI&KeyUT=WOS:001423279900026&DestLinkType=RelatedRecords&DestApp=WOS_CPL
WOS:001454824800006	Saracenical History, Containing the Acts of the Muslims from Muhammed to the Reign of Atabaceus in the Succession of the Nine and Forty Emperors	['Article']	authors=None inventors=None book_corp=None book_editors=None books=None additional_authors=None anonymous=[OtherName(display_name='[Anonymous]')] assignees=None corp=None editors=None investigators=None sponsors=None issuing_organizations=None		JOURNAL OF AFRICANA RELIGIONS	2024		12	2	256-288	256	288	33	0	WOS	10.5325/jafrireli.12.2.0256	2165-5405			https://www.webofscience.com/api/gateway?GWVersion=2&SrcApp=rongxin-test&SrcAuth=WosAPI&KeyUT=WOS:001454824800006&DestLinkType=FullRecord&DestApp=WOS_CPL			
WOS:001435620100011	Optimisation of User Interaction for the Calculation of the Cobb Angle in Lumbar Spine MRI Images	['Meeting']	authors=[AuthorName(display_name='Romero, William A. R.', wos_standard='Romero, RWA', researcher_id=None), AuthorName(display_name='Uribe Velasquez, Susana', wos_standard='Velásquez, SU', researcher_id=None), AuthorName(display_name='Restrepo Quinones, Daniel', wos_standard='Quiñones, DR', researcher_id=None), AuthorName(display_name='Gomez, Duvall A.', wos_standard='Gómez, DA', researcher_id=None)] inventors=None book_corp=None book_editors=[OtherName(display_name='Duque-Mendez, ND'), OtherName(display_name='Aristizabal-Quintero, LA'), OtherName(display_name='Orozco-Alzate, M'), OtherName(display_name='Aguilar, J')] books=None additional_authors=None anonymous=None assignees=None corp=None editors=None investigators=None sponsors=None issuing_organizations=None	[{'display_name': 'Romero, William A. R.', 'wos_standard': 'Romero, RWA', 'researcher_id': None}, {'display_name': 'Uribe Velasquez, Susana', 'wos_standard': 'Velásquez, SU', 'researcher_id': None}, {'display_name': 'Restrepo Quinones, Daniel', 'wos_standard': 'Quiñones, DR', 'researcher_id': None}, {'display_name': 'Gomez, Duvall A.', 'wos_standard': 'Gómez, DA', 'researcher_id': None}]	ADVANCES IN COMPUTING, CCC 2024, PT I	2024		2208		148-155	148	155	8	0	WOS	10.1007/978-3-031-75233-9_11	1865-0929	978-3-031-75232-2	978-3-031-75233-9	https://www.webofscience.com/api/gateway?GWVersion=2&SrcApp=rongxin-test&SrcAuth=WosAPI&KeyUT=WOS:001435620100011&DestLinkType=FullRecord&DestApp=WOS_CPL		https://www.webofscience.com/api/gateway?GWVersion=2&SrcApp=rongxin-test&SrcAuth=WosAPI&KeyUT=WOS:001435620100011&DestLinkType=CitedReferences&DestApp=WOS	https://www.webofscience.com/api/gateway?GWVersion=2&SrcApp=rongxin-test&SrcAuth=WosAPI&KeyUT=WOS:001435620100011&DestLinkType=RelatedRecords&DestApp=WOS_CPL
WOS:001429391100064	Characterization of Mesoplastic on Albanian Beach	['Meeting']	authors=[AuthorName(display_name='Claes, Yannick', wos_standard='Claes, Y', researcher_id=None), AuthorName(display_name='Gallardo, Javier Delgado', wos_standard='Gallardo, JD', researcher_id=None), AuthorName(display_name='Cela, Kledisa', wos_standard='Çela, K', researcher_id=None), AuthorName(display_name='Struga, Meivis', wos_standard='Struga, M', researcher_id=None), AuthorName(display_name='Palatinus, Andreja A.', wos_standard='Palatinus, AA', researcher_id=None), AuthorName(display_name='Velimirovic, Milica', wos_standard='Velimirovic, M', researcher_id=None)] inventors=None book_corp=[OtherName(display_name='IEEE')] book_editors=None books=None additional_authors=None anonymous=None assignees=None corp=None editors=None investigators=None sponsors=None issuing_organizations=None	[{'display_name': 'Claes, Yannick', 'wos_standard': 'Claes, Y', 'researcher_id': None}, {'display_name': 'Gallardo, Javier Delgado', 'wos_standard': 'Gallardo, JD', 'researcher_id': None}, {'display_name': 'Cela, Kledisa', 'wos_standard': 'Çela, K', 'researcher_id': None}, {'display_name': 'Struga, Meivis', 'wos_standard': 'Struga, M', 'researcher_id': None}, {'display_name': 'Palatinus, Andreja A.', 'wos_standard': 'Palatinus, AA', 'researcher_id': None}, {'display_name': 'Velimirovic, Milica', 'wos_standard': 'Velimirovic, M', 'researcher_id': None}]	2024 IEEE INTERNATIONAL WORKSHOP ON METROLOGY FOR THE SEA; LEARNING TO MEASURE SEA HEALTH PARAMETERS, METROSEA	2024				338-341	338	341	4	0	WOS	10.1109/METROSEA62823.2024.10765627		979-8-3503-7901-3	979-8-3503-7900-6	https://www.webofscience.com/api/gateway?GWVersion=2&SrcApp=rongxin-test&SrcAuth=WosAPI&KeyUT=WOS:001429391100064&DestLinkType=FullRecord&DestApp=WOS_CPL		https://www.webofscience.com/api/gateway?GWVersion=2&SrcApp=rongxin-test&SrcAuth=WosAPI&KeyUT=WOS:001429391100064&DestLinkType=CitedReferences&DestApp=WOS	https://www.webofscience.com/api/gateway?GWVersion=2&SrcApp=rongxin-test&SrcAuth=WosAPI&KeyUT=WOS:001429391100064&DestLinkType=RelatedRecords&DestApp=WOS_CPL
WOS:001429163300075	Robust Fault Diagnosis for Drilling Machinery in Challenging Environments	['Meeting']	authors=[AuthorName(display_name='Cai, Jijing', wos_standard='Cai, JJ', researcher_id=None), AuthorName(display_name='Wang, Lina', wos_standard='Wang, LN', researcher_id=None), AuthorName(display_name='Wen, Zhihao', wos_standard='Wen, ZH', researcher_id=None), AuthorName(display_name='Yang, Zijia', wos_standard='Yang, ZJ', researcher_id=None), AuthorName(display_name='Wen, Long', wos_standard='Wen, L', researcher_id=None), AuthorName(display_name='Yuan, Junchao', wos_standard='Yuan, JC', researcher_id=None), AuthorName(display_name='Deng, Jiangtao', wos_standard='Deng, JT', researcher_id=None), AuthorName(display_name='Fang, Kai', wos_standard='Fang, K', researcher_id=None)] inventors=None book_corp=[OtherName(display_name='IEEE COMPUTER SOC')] book_editors=None books=None additional_authors=None anonymous=None assignees=None corp=None editors=None investigators=None sponsors=None issuing_organizations=None	[{'display_name': 'Cai, Jijing', 'wos_standard': 'Cai, JJ', 'researcher_id': None}, {'display_name': 'Wang, Lina', 'wos_standard': 'Wang, LN', 'researcher_id': None}, {'display_name': 'Wen, Zhihao', 'wos_standard': 'Wen, ZH', 'researcher_id': None}, {'display_name': 'Yang, Zijia', 'wos_standard': 'Yang, ZJ', 'researcher_id': None}, {'display_name': 'Wen, Long', 'wos_standard': 'Wen, L', 'researcher_id': None}, {'display_name': 'Yuan, Junchao', 'wos_standard': 'Yuan, JC', 'researcher_id': None}, {'display_name': 'Deng, Jiangtao', 'wos_standard': 'Deng, JT', 'researcher_id': None}, {'display_name': 'Fang, Kai', 'wos_standard': 'Fang, K', 'researcher_id': None}]	2024 IEEE INTERNATIONAL CONFERENCE ON SMART INTERNET OF THINGS, SMARTIOT 2024	2024				502-507	502	507	6	0	WOS	10.1109/SmartIoT62235.2024.00083	2770-2669	979-8-3503-6645-7	979-8-3503-6644-0	https://www.webofscience.com/api/gateway?GWVersion=2&SrcApp=rongxin-test&SrcAuth=WosAPI&KeyUT=WOS:001429163300075&DestLinkType=FullRecord&DestApp=WOS_CPL		https://www.webofscience.com/api/gateway?GWVersion=2&SrcApp=rongxin-test&SrcAuth=WosAPI&KeyUT=WOS:001429163300075&DestLinkType=CitedReferences&DestApp=WOS	https://www.webofscience.com/api/gateway?GWVersion=2&SrcApp=rongxin-test&SrcAuth=WosAPI&KeyUT=WOS:001429163300075&DestLinkType=RelatedRecords&DestApp=WOS_CPL
WOS:001428150100262	Temperature Study of Standing Wave Ultrasonic Motor	['Meeting']	authors=[AuthorName(display_name='Myint, Than Zaw', wos_standard='Myint, TZ', researcher_id=None), AuthorName(display_name='Liu, Xiong', wos_standard='Liu, X', researcher_id=None), AuthorName(display_name='Chakravarty, Barish', wos_standard='Chakravarty, B', researcher_id=None), AuthorName(display_name='Ma, Yichao', wos_standard='Ma, YC', researcher_id=None), AuthorName(display_name='Ang, June Christian', wos_standard='Ang, JC', researcher_id=None), AuthorName(display_name='Leong, Brendon', wos_standard='Leong, B', researcher_id=None)] inventors=None book_corp=[OtherName(display_name='IEEE')] book_editors=None books=None additional_authors=None anonymous=None assignees=None corp=None editors=None investigators=None sponsors=None issuing_organizations=None	[{'display_name': 'Myint, Than Zaw', 'wos_standard': 'Myint, TZ', 'researcher_id': None}, {'display_name': 'Liu, Xiong', 'wos_standard': 'Liu, X', 'researcher_id': None}, {'display_name': 'Chakravarty, Barish', 'wos_standard': 'Chakravarty, B', 'researcher_id': None}, {'display_name': 'Ma, Yichao', 'wos_standard': 'Ma, YC', 'researcher_id': None}, {'display_name': 'Ang, June Christian', 'wos_standard': 'Ang, JC', 'researcher_id': None}, {'display_name': 'Leong, Brendon', 'wos_standard': 'Leong, B', 'researcher_id': None}]	2024 IEEE ULTRASONICS, FERROELECTRICS, AND FREQUENCY CONTROL JOINT SYMPOSIUM, UFFC-JS 2024	2024							4	0	WOS	10.1109/UFFC-JS60046.2024.10793799	1099-4734	979-8-3503-7191-8	979-8-3503-7190-1	https://www.webofscience.com/api/gateway?GWVersion=2&SrcApp=rongxin-test&SrcAuth=WosAPI&KeyUT=WOS:001428150100262&DestLinkType=FullRecord&DestApp=WOS_CPL		https://www.webofscience.com/api/gateway?GWVersion=2&SrcApp=rongxin-test&SrcAuth=WosAPI&KeyUT=WOS:001428150100262&DestLinkType=CitedReferences&DestApp=WOS	https://www.webofscience.com/api/gateway?GWVersion=2&SrcApp=rongxin-test&SrcAuth=WosAPI&KeyUT=WOS:001428150100262&DestLinkType=RelatedRecords&DestApp=WOS_CPL
WOS:001429153800085	Supervised Learning with Informed Graph Convolution	['Meeting']	authors=[AuthorName(display_name='Aites, L. David', wos_standard='Aites, LD', researcher_id=None), AuthorName(display_name='Stewart, David E.', wos_standard='Stewart, DE', researcher_id=None)] inventors=None book_corp=None book_editors=[OtherName(display_name='Paul, R'), OtherName(display_name='Kundu, A')] books=None additional_authors=None anonymous=None assignees=None corp=None editors=None investigators=None sponsors=None issuing_organizations=None	[{'display_name': 'Aites, L. David', 'wos_standard': 'Aites, LD', 'researcher_id': None}, {'display_name': 'Stewart, David E.', 'wos_standard': 'Stewart, DE', 'researcher_id': None}]	2024 IEEE 15TH ANNUAL UBIQUITOUS COMPUTING, ELECTRONICS & MOBILE COMMUNICATION CONFERENCE, UEMCON	2024				587-592	587	592	6	0	WOS	10.1109/UEMCON62879.2024.10754727		979-8-3315-4091-3	979-8-3315-4090-6	https://www.webofscience.com/api/gateway?GWVersion=2&SrcApp=rongxin-test&SrcAuth=WosAPI&KeyUT=WOS:001429153800085&DestLinkType=FullRecord&DestApp=WOS_CPL		https://www.webofscience.com/api/gateway?GWVersion=2&SrcApp=rongxin-test&SrcAuth=WosAPI&KeyUT=WOS:001429153800085&DestLinkType=CitedReferences&DestApp=WOS	https://www.webofscience.com/api/gateway?GWVersion=2&SrcApp=rongxin-test&SrcAuth=WosAPI&KeyUT=WOS:001429153800085&DestLinkType=RelatedRecords&DestApp=WOS_CPL
